date;commit;algorithm name;parameters;scale factor;benchmark name;db system;algorithm runtime;#indexes;index create time;memory consumption;q1;q2;q3;q4;q5;q6;q7;q8;q9;q10;q11;q12;q13;q14;q15;q16;q17;q18;q19;q20;q21;q22;indexed columns
2020-01-15 19:23:20;5522bf3;microsoft;{"max_indexes": 0, "max_indexes_naive": 0, "max_index_columns": 3, "cost_estimation": "whatif", "pruning": True};10;tpch;postgres;2.36;0;0.0;0;{"Runtimes": [6055.455, 6058.083, 6033.324, 6043.397, 6029.712], "Hits": [1.0, 1.0, 1.0, 1.0, 1.0], "Cost": 1436944.33};{"Runtimes": [775.421, 758.471, 765.394, 760.691, 762.609], "Hits": [1.0, 1.0, 1.0, 1.0, 1.0], "Cost": 2763027.74};{"Runtimes": [486.527, 469.857, 470.891, 470.405, 491.653], "Hits": [1.0, 1.0, 1.0, 1.0, 1.0], "Cost": 1549906.24};{"Runtimes": [4183.653, 3827.7, 3818.736, 4738.555, 3815.171], "Hits": [1.0, 1.0, 1.0, 1.0, 1.0], "Cost": 1541115.08};{"Runtimes": [464.483, 484.316, 482.935, 464.247, 496.649], "Hits": [1.0, 1.0, 1.0, 1.0, 1.0], "Cost": 1557719.76};{"Runtimes": [1276.598, 1278.029, 1291.985, 1290.262, 1296.37], "Hits": [1.0, 1.0, 1.0, 1.0, 1.0], "Cost": 1261056.64};{"Runtimes": [566.071, 568.231, 547.34, 566.408, 567.65], "Hits": [0.0, 1.0, 1.0, 1.0, 1.0], "Cost": 1581107.66};{"Runtimes": [538.743, 541.126, 540.483, 522.216, 540.874], "Hits": [0.6666666666666666, 1.0, 1.0, 1.0, 1.0], "Cost": 1603663.76};{"Runtimes": [26788.398, 26904.999, 25336.291, 23047.901, 25216.163], "Hits": [1.0, 1.0, 1.0, 1.0, 1.0], "Cost": 1773477.12};{"Runtimes": [2284.971, 2268.329, 2270.058, 2270.661, 2270.782], "Hits": [1.0, 1.0, 1.0, 1.0, 1.0], "Cost": 1540288.51};{"Runtimes": [51.607, 70.873, 52.099, 70.93, 73.03], "Hits": [1.0, 1.0, 1.0, 1.0, 1.0], "Cost": 469096.11};{"Runtimes": [2016.763, 2030.889, 2035.307, 2043.668, 2035.877], "Hits": [1.0, 1.0, 1.0, 1.0, 1.0], "Cost": 1555796.64};{"Runtimes": [4232.648, 4240.829, 4256.716, 4679.504, 4232.274], "Hits": [1.0, 1.0, 1.0, 1.0, 1.0], "Cost": 1726020.47};{"Runtimes": [2337.626, 2343.802, 2334.184, 2934.352, 2364.201], "Hits": [1.0, 1.0, 1.0, 1.0, 1.0], "Cost": 1276932.5};{"Runtimes": [4684.484, 4384.897, 4390.623, 4736.708, 4395.404], "Hits": [1.0, 1.0, 1.0, 1.0, 1.0], "Cost": 2774774.33};{"Runtimes": [4782.35, 4160.882, 4159.015, 4821.815, 4162.154], "Hits": [0.22764209863368381, 1.0, 1.0, 1.0, 1.0], "Cost": 437204.79};{"Runtimes": [253.558, 187.648, 203.611, 190.02, 190.054], "Hits": [2.4412274491614384e-05, 1.0, 1.0, 1.0, 1.0], "Cost": 58229108.11};{"Runtimes": [38970.434, 37222.594, 38975.084, 37422.101, 37923.825], "Hits": [0.9859297417854112, 1.0, 1.0, 1.0, 1.0], "Cost": 6031457.08};{"Runtimes": [345.574, 330.116, 344.705, 348.172, 332.939], "Hits": [1.0, 1.0, 1.0, 1.0, 1.0], "Cost": 1367707.44};{"Runtimes": [177.913, 179.767, 181.546, 175.229, 179.209], "Hits": [1.0, 1.0, 1.0, 1.0, 1.0], "Cost": 18593581468035.26};{"Runtimes": [28815.981, 21442.384, 24246.562, 25305.762, 23677.718], "Hits": [0.4464444614338172, 1.0, 1.0, 1.0, 1.0], "Cost": 4049723.39};{"Runtimes": [1648.56, 1649.855, 1640.678, 1633.354, 1650.444], "Hits": [1.0, 1.0, 1.0, 1.0, 1.0], "Cost": 431398.77};[]
2020-01-15 19:35:29;5522bf3;microsoft;{"max_indexes": 1, "max_indexes_naive": 1, "max_index_columns": 3, "cost_estimation": "whatif", "pruning": True};10;tpch;postgres;3.22;1;68.87;1349050368;{"Runtimes": [6062.073, 6042.632, 6061.97, 6056.474, 6042.029], "Hits": [1.0, 1.0, 1.0, 1.0, 1.0], "Cost": 1437222.1};{"Runtimes": [791.945, 764.9, 763.463, 760.509, 760.779], "Hits": [1.0, 1.0, 1.0, 1.0, 1.0], "Cost": 2763274.37};{"Runtimes": [499.612, 499.505, 480.26, 494.912, 491.547], "Hits": [1.0, 1.0, 1.0, 1.0, 1.0], "Cost": 1549839.28};{"Runtimes": [3802.276, 3824.473, 3813.024, 3807.644, 3824.455], "Hits": [1.0, 1.0, 1.0, 1.0, 1.0], "Cost": 1541103.79};{"Runtimes": [484.073, 497.829, 499.492, 498.328, 478.562], "Hits": [1.0, 1.0, 1.0, 1.0, 1.0], "Cost": 1557690.64};{"Runtimes": [1299.351, 1283.035, 1281.691, 1297.422, 1298.964], "Hits": [1.0, 1.0, 1.0, 1.0, 1.0], "Cost": 1261091.39};{"Runtimes": [565.977, 564.408, 567.742, 568.614, 565.44], "Hits": [1.0, 1.0, 1.0, 1.0, 1.0], "Cost": 1580609.31};{"Runtimes": [524.98, 518.247, 500.472, 522.07, 500.248], "Hits": [1.0, 1.0, 1.0, 1.0, 1.0], "Cost": 763168.6};{"Runtimes": [12746.306, 12266.749, 12283.74, 12257.5, 12267.749], "Hits": [0.9842044522836729, 1.0, 1.0, 1.0, 1.0], "Cost": 1049036.1};{"Runtimes": [2289.711, 2288.527, 2290.79, 2272.827, 2268.43], "Hits": [1.0, 1.0, 1.0, 1.0, 1.0], "Cost": 1540297.92};{"Runtimes": [73.193, 52.121, 70.487, 52.261, 73.446], "Hits": [1.0, 1.0, 1.0, 1.0, 1.0], "Cost": 469121.49};{"Runtimes": [2019.622, 2037.118, 2019.894, 2042.201, 2033.584], "Hits": [1.0, 1.0, 1.0, 1.0, 1.0], "Cost": 1555804.62};{"Runtimes": [4256.163, 4213.373, 4255.853, 4231.717, 4250.776], "Hits": [1.0, 1.0, 1.0, 1.0, 1.0], "Cost": 1719805.56};{"Runtimes": [2343.272, 2351.293, 2334.182, 2327.958, 2324.544], "Hits": [1.0, 1.0, 1.0, 1.0, 1.0], "Cost": 1276450.69};{"Runtimes": [4432.003, 4435.997, 4421.072, 4408.312, 4424.831], "Hits": [1.0, 1.0, 1.0, 1.0, 1.0], "Cost": 2777098.65};{"Runtimes": [4164.342, 4141.189, 4147.305, 4162.057, 4161.02], "Hits": [1.0, 1.0, 1.0, 1.0, 1.0], "Cost": 435931.85};{"Runtimes": [110.92, 124.121, 122.69, 121.916, 109.028], "Hits": [1.0, 1.0, 1.0, 1.0, 1.0], "Cost": 53596.44};{"Runtimes": [37396.647, 37436.489, 40983.914, 37188.785, 40919.514], "Hits": [1.0, 1.0, 1.0, 1.0, 1.0], "Cost": 6019621.03};{"Runtimes": [160.955, 160.318, 146.404, 161.126, 163.352], "Hits": [1.0, 1.0, 1.0, 1.0, 1.0], "Cost": 63343.7};{"Runtimes": [215.845, 204.628, 206.658, 205.455, 209.224], "Hits": [1.0, 1.0, 1.0, 1.0, 1.0], "Cost": 69230973.12};{"Runtimes": [25516.474, 24616.255, 24431.37, 24042.565, 24828.838], "Hits": [1.0, 1.0, 1.0, 1.0, 1.0], "Cost": 4049751.11};{"Runtimes": [1643.584, 1644.559, 1654.805, 1635.121, 1625.534], "Hits": [1.0, 1.0, 1.0, 1.0, 1.0], "Cost": 431213.98};[I(C46 l_partkey,C47 l_suppkey)]
2020-01-15 19:46:55;5522bf3;microsoft;{"max_indexes": 2, "max_indexes_naive": 2, "max_index_columns": 3, "cost_estimation": "whatif", "pruning": True};10;tpch;postgres;8.31;2;78.3;1601052672;{"Runtimes": [6053.588, 6043.242, 6043.588, 6060.481, 6058.553], "Hits": [1.0, 1.0, 1.0, 1.0, 1.0], "Cost": 1436967.07};{"Runtimes": [604.675, 581.147, 600.672, 598.006, 610.184], "Hits": [1.0, 1.0, 1.0, 1.0, 1.0], "Cost": 534434.25};{"Runtimes": [476.013, 500.706, 478.762, 500.312, 505.572], "Hits": [1.0, 1.0, 1.0, 1.0, 1.0], "Cost": 1549842.78};{"Runtimes": [3799.287, 3816.215, 3824.019, 3826.805, 3795.338], "Hits": [1.0, 1.0, 1.0, 1.0, 1.0], "Cost": 1541136.99};{"Runtimes": [465.603, 479.131, 480.281, 497.839, 478.934], "Hits": [1.0, 1.0, 1.0, 1.0, 1.0], "Cost": 1557661.07};{"Runtimes": [1296.206, 1297.434, 1300.711, 1298.204, 1296.836], "Hits": [1.0, 1.0, 1.0, 1.0, 1.0], "Cost": 1261085.87};{"Runtimes": [568.927, 584.414, 586.162, 585.284, 569.913], "Hits": [1.0, 1.0, 1.0, 1.0, 1.0], "Cost": 1580971.45};{"Runtimes": [520.721, 518.555, 521.807, 519.205, 499.242], "Hits": [1.0, 1.0, 1.0, 1.0, 1.0], "Cost": 762897.75};{"Runtimes": [13231.029, 12894.335, 12918.105, 12862.73, 14920.546], "Hits": [0.9856504654091234, 1.0, 1.0, 1.0, 1.0], "Cost": 1371549.43};{"Runtimes": [2290.227, 2287.519, 2292.304, 2301.753, 2305.439], "Hits": [1.0, 1.0, 1.0, 1.0, 1.0], "Cost": 1540277.36};{"Runtimes": [60.765, 81.562, 60.068, 60.984, 59.624], "Hits": [1.0, 1.0, 1.0, 1.0, 1.0], "Cost": 126296.42};{"Runtimes": [2039.989, 2045.801, 2066.879, 2031.045, 2039.517], "Hits": [1.0, 1.0, 1.0, 1.0, 1.0], "Cost": 1555796.62};{"Runtimes": [4258.166, 4259.005, 4244.651, 4254.328, 4252.282], "Hits": [1.0, 1.0, 1.0, 1.0, 1.0], "Cost": 1726058.32};{"Runtimes": [2340.295, 2323.593, 2348.549, 2329.788, 2327.347], "Hits": [1.0, 1.0, 1.0, 1.0, 1.0], "Cost": 1276602.06};{"Runtimes": [4439.313, 4420.471, 4438.272, 4422.48, 4435.483], "Hits": [1.0, 1.0, 1.0, 1.0, 1.0], "Cost": 2769272.77};{"Runtimes": [4662.332, 4619.792, 4646.596, 4616.922, 4656.204], "Hits": [0.9571106726557799, 1.0, 1.0, 1.0, 1.0], "Cost": 416815.67};{"Runtimes": [124.757, 124.196, 125.149, 126.228, 125.17], "Hits": [1.0, 1.0, 1.0, 1.0, 1.0], "Cost": 53596.33};{"Runtimes": [40160.145, 37384.774, 37243.844, 37361.105, 39199.165], "Hits": [1.0, 1.0, 1.0, 1.0, 1.0], "Cost": 6021222.09};{"Runtimes": [160.369, 146.32, 148.037, 161.944, 158.543], "Hits": [1.0, 1.0, 1.0, 1.0, 1.0], "Cost": 63342.55};{"Runtimes": [191.741, 191.949, 191.94, 195.056, 201.577], "Hits": [1.0, 1.0, 1.0, 1.0, 1.0], "Cost": 2885826.24};{"Runtimes": [26540.647, 24600.562, 23874.365, 23591.224, 24261.695], "Hits": [1.0, 1.0, 1.0, 1.0, 1.0], "Cost": 4049724.47};{"Runtimes": [1627.031, 1651.134, 1623.279, 1630.065, 1633.568], "Hits": [1.0, 1.0, 1.0, 1.0, 1.0], "Cost": 431467.72};[I(C24 ps_suppkey,C23 ps_partkey,C26 ps_supplycost), I(C46 l_partkey,C47 l_suppkey)]
2020-01-15 19:56:50;5522bf3;microsoft;{"max_indexes": 4, "max_indexes_naive": 2, "max_index_columns": 3, "cost_estimation": "whatif", "pruning": True};10;tpch;postgres;10.83;4;208.73;4841275392;{"Runtimes": [6057.227, 6041.058, 6041.807, 6056.391, 6043.043], "Hits": [1.0, 1.0, 1.0, 1.0, 1.0], "Cost": 1436933.37};{"Runtimes": [168.432, 170.226, 170.089, 169.026, 170.162], "Hits": [1.0, 1.0, 1.0, 1.0, 1.0], "Cost": 458343.03};{"Runtimes": [118.375, 118.958, 117.381, 117.522, 132.645], "Hits": [1.0, 1.0, 1.0, 1.0, 1.0], "Cost": 338440.8};{"Runtimes": [1053.475, 1041.743, 1039.984, 1040.304, 1044.054], "Hits": [0.9981364081049193, 1.0, 1.0, 1.0, 1.0], "Cost": 717238.3};{"Runtimes": [496.028, 478.324, 496.024, 499.605, 478.766], "Hits": [1.0, 1.0, 1.0, 1.0, 1.0], "Cost": 1557652.38};{"Runtimes": [1297.251, 1295.47, 1279.08, 1292.699, 1280.721], "Hits": [1.0, 1.0, 1.0, 1.0, 1.0], "Cost": 1261077.81};{"Runtimes": [566.066, 568.218, 548.996, 566.122, 566.738], "Hits": [1.0, 1.0, 1.0, 1.0, 1.0], "Cost": 1581057.82};{"Runtimes": [521.124, 498.95, 520.121, 517.397, 499.038], "Hits": [1.0, 1.0, 1.0, 1.0, 1.0], "Cost": 753764.21};{"Runtimes": [12747.59, 12403.816, 14127.393, 12416.453, 12461.04], "Hits": [0.9833653230966091, 1.0, 1.0, 1.0, 1.0], "Cost": 1118440.65};{"Runtimes": [1675.054, 1243.342, 1238.803, 1227.013, 1245.185], "Hits": [0.9374225618839216, 1.0, 1.0, 1.0, 1.0], "Cost": 811788.97};{"Runtimes": [79.192, 61.523, 80.657, 77.452, 79.907], "Hits": [1.0, 1.0, 1.0, 1.0, 1.0], "Cost": 126008.17};{"Runtimes": [2030.726, 2026.451, 2028.028, 2017.465, 2019.396], "Hits": [1.0, 1.0, 1.0, 1.0, 1.0], "Cost": 1555797.29};{"Runtimes": [4217.142, 4211.391, 4221.189, 4230.64, 4227.752], "Hits": [1.0, 1.0, 1.0, 1.0, 1.0], "Cost": 1732147.64};{"Runtimes": [2334.624, 2327.715, 2327.863, 2327.333, 2327.152], "Hits": [1.0, 1.0, 1.0, 1.0, 1.0], "Cost": 1276086.62};{"Runtimes": [4416.321, 4410.388, 4415.753, 4421.001, 4394.031], "Hits": [1.0, 1.0, 1.0, 1.0, 1.0], "Cost": 2775606.35};{"Runtimes": [4669.457, 4617.813, 4609.343, 4638.245, 4654.885], "Hits": [0.9571133132029429, 1.0, 1.0, 1.0, 1.0], "Cost": 417432.17};{"Runtimes": [110.681, 122.377, 110.105, 122.156, 123.682], "Hits": [1.0, 1.0, 1.0, 1.0, 1.0], "Cost": 53342.46};{"Runtimes": [18520.399, 17104.569, 17041.853, 17202.895, 17056.722], "Hits": [0.8419689723550683, 1.0, 1.0, 1.0, 1.0], "Cost": 2689150.5};{"Runtimes": [167.392, 160.18, 161.757, 146.828, 161.433], "Hits": [1.0, 1.0, 1.0, 1.0, 1.0], "Cost": 63338.82};{"Runtimes": [193.38, 194.581, 195.152, 194.86, 195.649], "Hits": [1.0, 1.0, 1.0, 1.0, 1.0], "Cost": 2851305.89};{"Runtimes": [876.108, 869.213, 864.639, 865.008, 881.045], "Hits": [1.0, 1.0, 1.0, 1.0, 1.0], "Cost": 296910.43};{"Runtimes": [1630.49, 1641.261, 1641.056, 1633.214, 1641.863], "Hits": [1.0, 1.0, 1.0, 1.0, 1.0], "Cost": 431454.99};[I(C24 ps_suppkey,C23 ps_partkey,C26 ps_supplycost), I(C45 l_orderkey,C49 l_quantity), I(C45 l_orderkey,C53 l_returnflag), I(C46 l_partkey,C47 l_suppkey)]
2020-01-15 20:08:47;5522bf3;microsoft;{"max_indexes": 8, "max_indexes_naive": 2, "max_index_columns": 3, "cost_estimation": "whatif", "pruning": True};10;tpch;postgres;15.24;8;387.18;8665849856;{"Runtimes": [6059.039, 6035.701, 6056.699, 6060.678, 6046.069], "Hits": [1.0, 1.0, 1.0, 1.0, 1.0], "Cost": 1436816.56};{"Runtimes": [176.049, 169.693, 166.756, 169.401, 167.709], "Hits": [1.0, 1.0, 1.0, 1.0, 1.0], "Cost": 345739.55};{"Runtimes": [118.831, 119.254, 135.546, 118.008, 132.953], "Hits": [1.0, 1.0, 1.0, 1.0, 1.0], "Cost": 338205.7};{"Runtimes": [1171.638, 969.21, 968.892, 969.127, 984.782], "Hits": [0.9384088282010129, 1.0, 1.0, 1.0, 1.0], "Cost": 380965.17};{"Runtimes": [451.748, 451.203, 431.906, 454.632, 434.089], "Hits": [1.0, 1.0, 1.0, 1.0, 1.0], "Cost": 1486158.66};{"Runtimes": [1279.791, 1296.998, 1291.361, 1297.939, 1293.619], "Hits": [1.0, 1.0, 1.0, 1.0, 1.0], "Cost": 1261083.8};{"Runtimes": [547.407, 565.342, 548.429, 566.388, 547.202], "Hits": [1.0, 1.0, 1.0, 1.0, 1.0], "Cost": 1581119.05};{"Runtimes": [521.78, 516.447, 496.971, 517.02, 499.015], "Hits": [1.0, 1.0, 1.0, 1.0, 1.0], "Cost": 762905.55};{"Runtimes": [14063.688, 13397.89, 13398.261, 13363.506, 13409.649], "Hits": [0.9909803535182564, 1.0, 1.0, 1.0, 1.0], "Cost": 956281.22};{"Runtimes": [69.56, 49.791, 49.961, 47.537, 49.675], "Hits": [0.9767441860465116, 1.0, 1.0, 1.0, 1.0], "Cost": 41997.26};{"Runtimes": [80.103, 59.725, 80.187, 59.457, 79.439], "Hits": [1.0, 1.0, 1.0, 1.0, 1.0], "Cost": 124510.16};{"Runtimes": [0.103, 0.038, 0.037, 0.037, 0.038], "Hits": [0.25, 1.0, 1.0, 1.0, 1.0], "Cost": 21.58};{"Runtimes": [4238.705, 4250.585, 4264.892, 4238.402, 4231.316], "Hits": [1.0, 1.0, 1.0, 1.0, 1.0], "Cost": 1725928.94};{"Runtimes": [2319.82, 2328.142, 2330.452, 2367.834, 2317.134], "Hits": [1.0, 1.0, 1.0, 1.0, 1.0], "Cost": 1276575.52};{"Runtimes": [4440.281, 4418.72, 4412.486, 4437.63, 4463.778], "Hits": [1.0, 1.0, 1.0, 1.0, 1.0], "Cost": 2773722.14};{"Runtimes": [4161.304, 4166.331, 4150.947, 4151.75, 4148.12], "Hits": [1.0, 1.0, 1.0, 1.0, 1.0], "Cost": 437137.61};{"Runtimes": [110.318, 109.963, 110.479, 125.183, 123.229], "Hits": [1.0, 1.0, 1.0, 1.0, 1.0], "Cost": 53596.67};{"Runtimes": [17605.016, 17068.713, 17084.297, 17087.473, 17066.828], "Hits": [0.8419688639222072, 1.0, 1.0, 1.0, 1.0], "Cost": 2690377.24};{"Runtimes": [0.073, 0.035, 0.037, 0.035, 0.037], "Hits": [0.36363636363636365, 1.0, 1.0, 1.0, 1.0], "Cost": 63225.39};{"Runtimes": [204.656, 189.567, 194.349, 197.906, 199.093], "Hits": [1.0, 1.0, 1.0, 1.0, 1.0], "Cost": 2847514.49};{"Runtimes": [865.554, 874.384, 864.441, 872.158, 878.813], "Hits": [1.0, 1.0, 1.0, 1.0, 1.0], "Cost": 296230.13};{"Runtimes": [1637.08, 1638.067, 1635.52, 1651.063, 1623.677], "Hits": [1.0, 1.0, 1.0, 1.0, 1.0], "Cost": 431469.99};[I(C23 ps_partkey), I(C24 ps_suppkey), I(C36 o_orderkey,C40 o_orderdate,C37 o_custkey), I(C45 l_orderkey,C49 l_quantity), I(C45 l_orderkey), I(C46 l_partkey,C47 l_suppkey), I(C53 l_returnflag), I(C59 l_shipmode)]
2020-01-15 20:23:17;5522bf3;microsoft;{"max_indexes": 16, "max_indexes_naive": 2, "max_index_columns": 3, "cost_estimation": "whatif", "pruning": True};10;tpch;postgres;33.69;16;569.17;12405604352;{"Runtimes": [6059.923, 6058.847, 6058.444, 6059.15, 6044.062], "Hits": [1.0, 1.0, 1.0, 1.0, 1.0], "Cost": 1436863.59};{"Runtimes": [129.735, 130.226, 131.237, 130.804, 144.071], "Hits": [1.0, 1.0, 1.0, 1.0, 1.0], "Cost": 69267.37};{"Runtimes": [0.043, 0.028, 0.026, 0.024, 0.023], "Hits": [0.0, 1.0, 1.0, 1.0, 1.0], "Cost": 120.73};{"Runtimes": [1168.049, 988.076, 986.879, 979.947, 988.519], "Hits": [0.9375259564969112, 1.0, 1.0, 1.0, 1.0], "Cost": 382853.94};{"Runtimes": [454.728, 455.03, 457.512, 438.207, 455.861], "Hits": [1.0, 1.0, 1.0, 1.0, 1.0], "Cost": 1506044.88};{"Runtimes": [1297.383, 1296.708, 1281.55, 1301.707, 1282.699], "Hits": [1.0, 1.0, 1.0, 1.0, 1.0], "Cost": 1261084.86};{"Runtimes": [521.954, 541.806, 541.745, 540.305, 539.403], "Hits": [1.0, 1.0, 1.0, 1.0, 1.0], "Cost": 1389892.79};{"Runtimes": [440.807, 457.543, 436.959, 460.538, 476.596], "Hits": [1.0, 1.0, 1.0, 1.0, 1.0], "Cost": 640627.64};{"Runtimes": [6027.908, 5735.169, 5729.16, 5728.995, 5732.213], "Hits": [0.990359974073228, 1.0, 1.0, 1.0, 1.0], "Cost": 338196.28};{"Runtimes": [0.047, 0.042, 0.046, 0.036, 0.042], "Hits": [0.2, 1.0, 1.0, 1.0, 1.0], "Cost": 19.44};{"Runtimes": [78.724, 60.768, 80.181, 80.624, 60.146], "Hits": [1.0, 1.0, 1.0, 1.0, 1.0], "Cost": 122726.77};{"Runtimes": [0.109, 0.038, 0.031, 0.033, 0.039], "Hits": [0.125, 1.0, 1.0, 1.0, 1.0], "Cost": 21.59};{"Runtimes": [7346.948, 7135.904, 7151.048, 7192.635, 7125.85], "Hits": [0.9769212889618539, 1.0, 1.0, 1.0, 1.0], "Cost": 1207706.11};{"Runtimes": [1395.275, 1391.328, 1393.294, 1384.443, 1392.203], "Hits": [0.9954790348511279, 1.0, 1.0, 1.0, 1.0], "Cost": 1196492.51};{"Runtimes": [4427.487, 4421.94, 4428.963, 4431.93, 4418.005], "Hits": [1.0, 1.0, 1.0, 1.0, 1.0], "Cost": 2774608.01};{"Runtimes": [3868.946, 3843.181, 3841.18, 3832.091, 3858.714], "Hits": [0.6492292198354296, 1.0, 1.0, 1.0, 1.0], "Cost": 413891.85};{"Runtimes": [0.064, 0.024, 0.019, 0.024, 0.021], "Hits": [0.0, 1.0, 1.0, 1.0, 1.0], "Cost": 3884.92};{"Runtimes": [17943.617, 17097.093, 17112.096, 17078.907, 17078.643], "Hits": [0.8419681048880131, 1.0, 1.0, 1.0, 1.0], "Cost": 2689063.83};{"Runtimes": [0.113, 0.033, 0.03, 0.029, 0.031], "Hits": [0.25, 1.0, 1.0, 1.0, 1.0], "Cost": 21.66};{"Runtimes": [180.348, 175.462, 179.293, 178.94, 174.754], "Hits": [1.0, 1.0, 1.0, 1.0, 1.0], "Cost": 2784547.77};{"Runtimes": [0.049, 0.029, 0.04, 0.039, 0.04], "Hits": [0.25, 1.0, 1.0, 1.0, 1.0], "Cost": 3643.2};{"Runtimes": [557.687, 520.267, 519.933, 520.916, 506.968], "Hits": [0.9260118063754428, 1.0, 1.0, 1.0, 1.0], "Cost": 98004.44};[I(C10 p_brand,C13 p_container,C7 p_partkey), I(C23 ps_partkey,C26 ps_supplycost,C24 ps_suppkey), I(C24 ps_suppkey), I(C28 c_custkey), I(C34 c_mktsegment,C28 c_custkey), I(C36 o_orderkey,C40 o_orderdate,C37 o_custkey), I(C37 o_custkey,C36 o_orderkey,C40 o_orderdate), I(C37 o_custkey,C36 o_orderkey,C44 o_comment), I(C38 o_orderstatus,C36 o_orderkey), I(C45 l_orderkey,C49 l_quantity), I(C45 l_orderkey), I(C46 l_partkey,C47 l_suppkey), I(C53 l_returnflag), I(C55 l_shipdate), I(C59 l_shipmode), I(C7 p_partkey,C11 p_type)]
2020-01-15 20:39:16;5522bf3;dexter;{"min_saving_percentage": 0};10;tpch;postgres;6.51;13;617.16;13283377152;{"Runtimes": [6070.215, 6068.919, 6044.075, 6042.698, 6064.988], "Hits": [1.0, 1.0, 1.0, 1.0, 1.0], "Cost": 1437033.42};{"Runtimes": [73.832, 73.529, 73.879, 72.759, 72.135], "Hits": [0.9957684692728755, 1.0, 1.0, 1.0, 1.0], "Cost": 340104.42};{"Runtimes": [117.115, 118.805, 116.613, 118.637, 119.79], "Hits": [1.0, 1.0, 1.0, 1.0, 1.0], "Cost": 41607.98};{"Runtimes": [1176.459, 976.744, 994.609, 992.277, 978.815], "Hits": [0.9374394224112352, 1.0, 1.0, 1.0, 1.0], "Cost": 385677.04};{"Runtimes": [446.454, 463.653, 464.615, 465.169, 446.314], "Hits": [1.0, 1.0, 1.0, 1.0, 1.0], "Cost": 1526213.3};{"Runtimes": [1279.032, 1282.517, 1279.474, 1280.05, 1279.674], "Hits": [1.0, 1.0, 1.0, 1.0, 1.0], "Cost": 1261070.87};{"Runtimes": [585.618, 564.783, 583.689, 583.798, 582.279], "Hits": [1.0, 1.0, 1.0, 1.0, 1.0], "Cost": 1581224.73};{"Runtimes": [501.963, 499.737, 521.913, 519.475, 519.573], "Hits": [1.0, 1.0, 1.0, 1.0, 1.0], "Cost": 773172.17};{"Runtimes": [17303.23, 20053.107, 16086.431, 18998.584, 16157.722], "Hits": [0.9917504769450064, 1.0, 1.0, 1.0, 1.0], "Cost": 1296684.27};{"Runtimes": [0.046, 0.029, 0.029, 0.024, 0.029], "Hits": [0.0, 1.0, 1.0, 1.0, 1.0], "Cost": 23.64};{"Runtimes": [61.612, 79.395, 81.086, 61.009, 82.085], "Hits": [1.0, 1.0, 1.0, 1.0, 1.0], "Cost": 124623.51};{"Runtimes": [0.074, 0.034, 0.038, 0.039, 0.031], "Hits": [0.125, 1.0, 1.0, 1.0, 1.0], "Cost": 21.58};{"Runtimes": [5825.488, 5582.904, 5564.724, 5564.433, 5557.883], "Hits": [0.9976802423298954, 1.0, 1.0, 1.0, 1.0], "Cost": 1512160.62};{"Runtimes": [1395.833, 1386.911, 1386.453, 1396.799, 1391.456], "Hits": [0.9954790348511279, 1.0, 1.0, 1.0, 1.0], "Cost": 1191141.82};{"Runtimes": [4433.823, 4409.884, 4434.195, 4429.92, 4432.704], "Hits": [1.0, 1.0, 1.0, 1.0, 1.0], "Cost": 2775082.6};{"Runtimes": [4119.838, 4120.648, 4123.252, 4132.602, 4134.061], "Hits": [0.9961225281116712, 1.0, 1.0, 1.0, 1.0], "Cost": 429529.22};{"Runtimes": [144.219, 123.362, 111.905, 111.367, 111.339], "Hits": [1.0, 1.0, 1.0, 1.0, 1.0], "Cost": 53858.23};{"Runtimes": [17409.006, 17134.566, 17153.613, 17090.952, 17112.072], "Hits": [0.8419735585367996, 1.0, 1.0, 1.0, 1.0], "Cost": 2694493.96};{"Runtimes": [0.063, 0.035, 0.028, 0.029, 0.029], "Hits": [0.0, 1.0, 1.0, 1.0, 1.0], "Cost": 63221.29};{"Runtimes": [194.572, 191.179, 193.643, 197.081, 193.512], "Hits": [1.0, 1.0, 1.0, 1.0, 1.0], "Cost": 43303867.95};{"Runtimes": [878.986, 878.098, 873.346, 870.652, 864.111], "Hits": [1.0, 1.0, 1.0, 1.0, 1.0], "Cost": 296233.62};{"Runtimes": [509.057, 494.628, 509.071, 494.128, 510.844], "Hits": [1.0, 1.0, 1.0, 1.0, 1.0], "Cost": 97941.98};[I(C12 p_size), I(C23 ps_partkey), I(C24 ps_suppkey), I(C28 c_custkey), I(C36 o_orderkey), I(C37 o_custkey), I(C45 l_orderkey,C49 l_quantity), I(C45 l_orderkey), I(C46 l_partkey), I(C53 l_returnflag), I(C55 l_shipdate), I(C58 l_shipinstruct), I(C59 l_shipmode)]
2020-01-15 21:03:09;5522bf3;dexter;{"min_saving_percentage": 10};10;tpch;postgres;6.4;10;533.58;11855339520;{"Runtimes": [6046.947, 6042.772, 6041.54, 6038.188, 6039.898], "Hits": [1.0, 1.0, 1.0, 1.0, 1.0], "Cost": 1437077.96};{"Runtimes": [154.431, 170.382, 155.007, 169.473, 170.44], "Hits": [1.0, 1.0, 1.0, 1.0, 1.0], "Cost": 345739.35};{"Runtimes": [116.106, 118.183, 117.183, 117.99, 105.133], "Hits": [1.0, 1.0, 1.0, 1.0, 1.0], "Cost": 41604.02};{"Runtimes": [1179.751, 972.368, 989.771, 970.601, 972.476], "Hits": [0.9381438517307726, 1.0, 1.0, 1.0, 1.0], "Cost": 377669.91};{"Runtimes": [464.66, 436.026, 466.873, 447.539, 465.332], "Hits": [1.0, 1.0, 1.0, 1.0, 1.0], "Cost": 1531275.52};{"Runtimes": [1282.45, 1303.609, 1298.616, 1278.513, 1294.908], "Hits": [1.0, 1.0, 1.0, 1.0, 1.0], "Cost": 1261069.85};{"Runtimes": [581.796, 582.546, 565.576, 564.593, 565.682], "Hits": [1.0, 1.0, 1.0, 1.0, 1.0], "Cost": 1581081.58};{"Runtimes": [533.473, 521.181, 518.422, 518.405, 515.576], "Hits": [1.0, 1.0, 1.0, 1.0, 1.0], "Cost": 773202.03};{"Runtimes": [27634.786, 27570.591, 27335.713, 27172.041, 26941.649], "Hits": [0.9966325605670917, 1.0, 1.0, 1.0, 1.0], "Cost": 1479334.95};{"Runtimes": [48.904, 49.26, 48.681, 70.442, 68.802], "Hits": [0.9767441860465116, 1.0, 1.0, 1.0, 1.0], "Cost": 42001.32};{"Runtimes": [78.056, 60.891, 61.862, 60.77, 80.855], "Hits": [1.0, 1.0, 1.0, 1.0, 1.0], "Cost": 124652.02};{"Runtimes": [0.085, 0.037, 0.038, 0.038, 0.035], "Hits": [0.125, 1.0, 1.0, 1.0, 1.0], "Cost": 21.58};{"Runtimes": [4242.056, 4253.921, 4231.931, 4232.287, 4217.07], "Hits": [1.0, 1.0, 1.0, 1.0, 1.0], "Cost": 1726045.24};{"Runtimes": [2319.716, 2337.625, 2351.085, 2325.939, 2336.451], "Hits": [1.0, 1.0, 1.0, 1.0, 1.0], "Cost": 1276705.5};{"Runtimes": [4394.834, 4438.569, 4440.742, 4435.491, 4431.207], "Hits": [1.0, 1.0, 1.0, 1.0, 1.0], "Cost": 2775884.25};{"Runtimes": [4158.31, 4150.136, 4172.218, 4150.718, 4168.364], "Hits": [1.0, 1.0, 1.0, 1.0, 1.0], "Cost": 438424.66};{"Runtimes": [110.812, 111.096, 108.379, 125.642, 110.16], "Hits": [1.0, 1.0, 1.0, 1.0, 1.0], "Cost": 53858.29};{"Runtimes": [17534.42, 17490.719, 17078.176, 17074.114, 17050.767], "Hits": [0.8419744259703476, 1.0, 1.0, 1.0, 1.0], "Cost": 2688286.32};{"Runtimes": [0.044, 0.035, 0.031, 0.03, 0.032], "Hits": [0.0, 1.0, 1.0, 1.0, 1.0], "Cost": 63220.32};{"Runtimes": [193.069, 190.442, 188.399, 188.703, 188.237], "Hits": [1.0, 1.0, 1.0, 1.0, 1.0], "Cost": 533673.66};{"Runtimes": [874.764, 874.036, 879.61, 887.179, 871.521], "Hits": [1.0, 1.0, 1.0, 1.0, 1.0], "Cost": 296235.92};{"Runtimes": [553.456, 497.371, 512.552, 513.876, 497.45], "Hits": [0.9443088539531513, 1.0, 1.0, 1.0, 1.0], "Cost": 97947.12};[I(C23 ps_partkey), I(C24 ps_suppkey), I(C36 o_orderkey), I(C37 o_custkey), I(C45 l_orderkey,C49 l_quantity), I(C45 l_orderkey), I(C46 l_partkey), I(C53 l_returnflag), I(C58 l_shipinstruct), I(C59 l_shipmode)]
2020-01-15 21:23:03;5522bf3;dexter;{"min_saving_percentage": 25};10;tpch;postgres;6.59;8;431.23;9626828800;{"Runtimes": [6039.912, 6057.377, 6055.56, 6038.79, 6056.391], "Hits": [1.0, 1.0, 1.0, 1.0, 1.0], "Cost": 1437059.59};{"Runtimes": [167.308, 152.843, 175.381, 167.284, 170.321], "Hits": [1.0, 1.0, 1.0, 1.0, 1.0], "Cost": 345739.89};{"Runtimes": [116.044, 104.356, 117.398, 104.547, 103.953], "Hits": [1.0, 1.0, 1.0, 1.0, 1.0], "Cost": 41608.56};{"Runtimes": [972.792, 973.037, 974.359, 972.186, 973.175], "Hits": [0.9998549241549722, 1.0, 1.0, 1.0, 1.0], "Cost": 382377.48};{"Runtimes": [446.869, 465.098, 446.522, 444.978, 464.212], "Hits": [1.0, 1.0, 1.0, 1.0, 1.0], "Cost": 1542092.96};{"Runtimes": [1278.648, 1296.564, 1293.737, 1293.744, 1278.572], "Hits": [1.0, 1.0, 1.0, 1.0, 1.0], "Cost": 1261094.51};{"Runtimes": [565.081, 582.429, 564.439, 582.851, 565.276], "Hits": [1.0, 1.0, 1.0, 1.0, 1.0], "Cost": 1581009.42};{"Runtimes": [536.391, 512.635, 539.416, 517.117, 514.768], "Hits": [1.0, 1.0, 1.0, 1.0, 1.0], "Cost": 773298.9};{"Runtimes": [26144.247, 26237.246, 26916.773, 27263.398, 22529.37], "Hits": [0.9856109913252771, 1.0, 1.0, 1.0, 1.0], "Cost": 1717662.87};{"Runtimes": [88.773, 89.746, 88.736, 70.683, 93.193], "Hits": [0.9642857142857143, 1.0, 1.0, 1.0, 1.0], "Cost": 340746.54};{"Runtimes": [82.543, 62.169, 79.951, 82.245, 60.43], "Hits": [1.0, 1.0, 1.0, 1.0, 1.0], "Cost": 124610.9};{"Runtimes": [73.365, 72.23, 52.562, 52.197, 51.921], "Hits": [0.9588235294117647, 1.0, 1.0, 1.0, 1.0], "Cost": 296293.48};{"Runtimes": [4248.618, 4862.021, 4229.301, 4245.29, 4240.41], "Hits": [1.0, 1.0, 1.0, 1.0, 1.0], "Cost": 1732199.43};{"Runtimes": [2713.127, 2322.931, 2326.406, 2329.243, 2324.595], "Hits": [1.0, 1.0, 1.0, 1.0, 1.0], "Cost": 1276636.43};{"Runtimes": [4421.109, 4413.151, 4423.862, 4409.961, 4430.316], "Hits": [1.0, 1.0, 1.0, 1.0, 1.0], "Cost": 2780718.08};{"Runtimes": [4153.22, 4148.24, 4155.641, 4148.05, 4157.813], "Hits": [1.0, 1.0, 1.0, 1.0, 1.0], "Cost": 436406.15};{"Runtimes": [110.008, 109.066, 111.136, 124.012, 122.978], "Hits": [1.0, 1.0, 1.0, 1.0, 1.0], "Cost": 53858.87};{"Runtimes": [29485.455, 26565.034, 26674.104, 26100.253, 25847.378], "Hits": [0.9767135468959355, 1.0, 1.0, 1.0, 1.0], "Cost": 3722571.27};{"Runtimes": [0.058, 0.028, 0.029, 0.03, 0.032], "Hits": [0.0, 1.0, 1.0, 1.0, 1.0], "Cost": 63221.56};{"Runtimes": [190.806, 194.682, 197.369, 192.359, 195.132], "Hits": [1.0, 1.0, 1.0, 1.0, 1.0], "Cost": 43311511.15};{"Runtimes": [879.366, 869.374, 868.223, 870.085, 879.984], "Hits": [1.0, 1.0, 1.0, 1.0, 1.0], "Cost": 296229.11};{"Runtimes": [558.837, 512.464, 496.653, 496.601, 498.026], "Hits": [0.9439719956015039, 1.0, 1.0, 1.0, 1.0], "Cost": 97941.79};[I(C23 ps_partkey), I(C24 ps_suppkey), I(C37 o_custkey), I(C45 l_orderkey), I(C46 l_partkey), I(C53 l_returnflag), I(C58 l_shipinstruct), I(C59 l_shipmode)]
2020-01-15 21:43:30;5522bf3;dexter;{"min_saving_percentage": 50};10;tpch;postgres;6.42;8;434.76;9626828800;{"Runtimes": [6040.566, 6039.758, 6052.646, 6037.599, 6039.778], "Hits": [1.0, 1.0, 1.0, 1.0, 1.0], "Cost": 1437063.55};{"Runtimes": [169.43, 153.871, 155.208, 151.865, 171.078], "Hits": [1.0, 1.0, 1.0, 1.0, 1.0], "Cost": 329527.55};{"Runtimes": [104.102, 116.462, 116.484, 116.567, 104.002], "Hits": [1.0, 1.0, 1.0, 1.0, 1.0], "Cost": 41603.93};{"Runtimes": [1178.642, 974.538, 985.405, 978.574, 986.342], "Hits": [0.9376656953880015, 1.0, 1.0, 1.0, 1.0], "Cost": 383600.35};{"Runtimes": [465.891, 446.371, 453.85, 434.845, 434.636], "Hits": [1.0, 1.0, 1.0, 1.0, 1.0], "Cost": 1510766.38};{"Runtimes": [1282.676, 1296.13, 1295.649, 1294.557, 1277.631], "Hits": [1.0, 1.0, 1.0, 1.0, 1.0], "Cost": 1261081.62};{"Runtimes": [564.652, 564.52, 545.996, 547.451, 565.958], "Hits": [1.0, 1.0, 1.0, 1.0, 1.0], "Cost": 1580601.76};{"Runtimes": [516.759, 514.941, 526.941, 500.312, 498.924], "Hits": [1.0, 1.0, 1.0, 1.0, 1.0], "Cost": 733365.7};{"Runtimes": [22689.278, 26857.468, 31952.215, 26552.909, 26656.099], "Hits": [0.9856002224718942, 1.0, 1.0, 1.0, 1.0], "Cost": 1717102.87};{"Runtimes": [71.617, 96.218, 69.31, 70.456, 94.153], "Hits": [0.9642857142857143, 1.0, 1.0, 1.0, 1.0], "Cost": 340768.96};{"Runtimes": [61.729, 80.696, 59.289, 78.535, 80.238], "Hits": [1.0, 1.0, 1.0, 1.0, 1.0], "Cost": 124494.98};{"Runtimes": [50.685, 51.694, 51.498, 52.404, 51.484], "Hits": [0.9588235294117647, 1.0, 1.0, 1.0, 1.0], "Cost": 296299.02};{"Runtimes": [4242.015, 4207.611, 4216.269, 4216.584, 4228.973], "Hits": [1.0, 1.0, 1.0, 1.0, 1.0], "Cost": 1732259.0};{"Runtimes": [2326.162, 2319.655, 2338.264, 2333.56, 2328.273], "Hits": [1.0, 1.0, 1.0, 1.0, 1.0], "Cost": 1276302.63};{"Runtimes": [4438.606, 4424.241, 4441.721, 4426.935, 4425.726], "Hits": [1.0, 1.0, 1.0, 1.0, 1.0], "Cost": 2778575.82};{"Runtimes": [4171.343, 4171.406, 4159.468, 4153.797, 4170.888], "Hits": [1.0, 1.0, 1.0, 1.0, 1.0], "Cost": 433658.54};{"Runtimes": [125.33, 124.042, 110.433, 124.501, 110.468], "Hits": [1.0, 1.0, 1.0, 1.0, 1.0], "Cost": 52859.16};{"Runtimes": [26341.716, 26621.73, 26126.12, 26054.125, 26593.978], "Hits": [0.999329567137878, 1.0, 1.0, 1.0, 1.0], "Cost": 3749533.74};{"Runtimes": [0.06, 0.03, 0.028, 0.031, 0.03], "Hits": [0.0, 1.0, 1.0, 1.0, 1.0], "Cost": 63220.89};{"Runtimes": [196.622, 196.022, 195.108, 196.267, 199.164], "Hits": [1.0, 1.0, 1.0, 1.0, 1.0], "Cost": 37621798.36};{"Runtimes": [886.839, 870.904, 868.688, 880.311, 864.705], "Hits": [1.0, 1.0, 1.0, 1.0, 1.0], "Cost": 296233.08};{"Runtimes": [540.04, 512.327, 496.069, 511.236, 514.087], "Hits": [0.9441959815766637, 1.0, 1.0, 1.0, 1.0], "Cost": 97943.79};[I(C23 ps_partkey), I(C24 ps_suppkey), I(C37 o_custkey), I(C45 l_orderkey), I(C46 l_partkey), I(C53 l_returnflag), I(C58 l_shipinstruct), I(C59 l_shipmode)]
2020-01-15 21:58:55;5522bf3;dexter;{"min_saving_percentage": 90};10;tpch;postgres;6.34;3;256.48;5685542912;{"Runtimes": [6057.052, 6035.374, 6033.219, 6056.875, 6059.433], "Hits": [1.0, 1.0, 1.0, 1.0, 1.0], "Cost": 1436836.78};{"Runtimes": [782.617, 781.462, 785.119, 784.482, 781.338], "Hits": [1.0, 1.0, 1.0, 1.0, 1.0], "Cost": 2759969.66};{"Runtimes": [117.314, 132.858, 119.532, 117.598, 135.275], "Hits": [1.0, 1.0, 1.0, 1.0, 1.0], "Cost": 338234.37};{"Runtimes": [988.216, 972.345, 986.753, 987.996, 985.55], "Hits": [0.999850553107571, 1.0, 1.0, 1.0, 1.0], "Cost": 376730.59};{"Runtimes": [453.024, 454.216, 434.038, 433.278, 432.537], "Hits": [1.0, 1.0, 1.0, 1.0, 1.0], "Cost": 1510140.91};{"Runtimes": [1294.059, 1279.344, 1292.112, 1293.024, 1293.41], "Hits": [1.0, 1.0, 1.0, 1.0, 1.0], "Cost": 1261070.29};{"Runtimes": [564.306, 566.885, 564.495, 547.689, 565.402], "Hits": [1.0, 1.0, 1.0, 1.0, 1.0], "Cost": 1581068.12};{"Runtimes": [516.754, 516.013, 514.627, 516.819, 498.665], "Hits": [1.0, 1.0, 1.0, 1.0, 1.0], "Cost": 772719.61};{"Runtimes": [26145.555, 23237.88, 22936.6, 23001.631, 22931.765], "Hits": [1.0, 1.0, 1.0, 1.0, 1.0], "Cost": 1773815.95};{"Runtimes": [2270.437, 2278.217, 2291.975, 2290.603, 2290.912], "Hits": [1.0, 1.0, 1.0, 1.0, 1.0], "Cost": 1540279.92};{"Runtimes": [71.845, 52.934, 70.485, 52.341, 71.714], "Hits": [1.0, 1.0, 1.0, 1.0, 1.0], "Cost": 468304.35};{"Runtimes": [2011.957, 2033.65, 2031.371, 2036.161, 2012.561], "Hits": [1.0, 1.0, 1.0, 1.0, 1.0], "Cost": 1555787.03};{"Runtimes": [4209.08, 4232.605, 4234.143, 4217.781, 4227.879], "Hits": [1.0, 1.0, 1.0, 1.0, 1.0], "Cost": 1719764.21};{"Runtimes": [2326.873, 2320.625, 2332.39, 2330.735, 2314.499], "Hits": [1.0, 1.0, 1.0, 1.0, 1.0], "Cost": 1276737.09};{"Runtimes": [4442.396, 4433.302, 4405.562, 4432.393, 4433.196], "Hits": [1.0, 1.0, 1.0, 1.0, 1.0], "Cost": 2777751.01};{"Runtimes": [4160.316, 4165.997, 4153.588, 4167.477, 4122.622], "Hits": [1.0, 1.0, 1.0, 1.0, 1.0], "Cost": 429449.33};{"Runtimes": [123.212, 111.348, 122.304, 123.4, 123.884], "Hits": [1.0, 1.0, 1.0, 1.0, 1.0], "Cost": 53858.51};{"Runtimes": [26239.809, 25401.793, 25217.358, 25891.601, 25938.506], "Hits": [0.9767177982140213, 1.0, 1.0, 1.0, 1.0], "Cost": 3732038.63};{"Runtimes": [0.058, 0.03, 0.03, 0.03, 0.029], "Hits": [0.0, 1.0, 1.0, 1.0, 1.0], "Cost": 63220.98};{"Runtimes": [198.813, 200.995, 200.396, 199.359, 200.896], "Hits": [1.0, 1.0, 1.0, 1.0, 1.0], "Cost": 1068852752.67};{"Runtimes": [878.364, 885.951, 871.286, 869.361, 866.484], "Hits": [1.0, 1.0, 1.0, 1.0, 1.0], "Cost": 296234.56};{"Runtimes": [1647.567, 1621.717, 1639.389, 1664.934, 1636.516], "Hits": [1.0, 1.0, 1.0, 1.0, 1.0], "Cost": 431526.99};[I(C45 l_orderkey), I(C46 l_partkey), I(C58 l_shipinstruct)]
2020-01-15 22:10:59;5522bf3;dexter;{"min_saving_percentage": 100};10;tpch;postgres;6.26;0;0.0;0;{"Runtimes": [6029.592, 6040.113, 6063.972, 6044.005, 6038.932], "Hits": [1.0, 1.0, 1.0, 1.0, 1.0], "Cost": 1436755.9};{"Runtimes": [776.535, 776.879, 784.639, 785.28, 807.545], "Hits": [1.0, 1.0, 1.0, 1.0, 1.0], "Cost": 2756915.82};{"Runtimes": [505.992, 479.406, 497.103, 498.139, 483.008], "Hits": [1.0, 1.0, 1.0, 1.0, 1.0], "Cost": 1549992.1};{"Runtimes": [3803.477, 3794.005, 3820.259, 3801.272, 3808.391], "Hits": [1.0, 1.0, 1.0, 1.0, 1.0], "Cost": 1541068.45};{"Runtimes": [482.737, 481.456, 481.581, 483.639, 482.64], "Hits": [1.0, 1.0, 1.0, 1.0, 1.0], "Cost": 1557651.51};{"Runtimes": [1293.028, 1296.464, 1293.934, 1278.885, 1276.104], "Hits": [1.0, 1.0, 1.0, 1.0, 1.0], "Cost": 1261052.47};{"Runtimes": [547.095, 565.662, 566.123, 564.176, 565.186], "Hits": [1.0, 1.0, 1.0, 1.0, 1.0], "Cost": 1580755.66};{"Runtimes": [539.443, 516.426, 518.967, 537.33, 535.412], "Hits": [1.0, 1.0, 1.0, 1.0, 1.0], "Cost": 1603696.53};{"Runtimes": [29299.121, 23017.859, 23087.246, 23003.98, 23078.879], "Hits": [1.0, 1.0, 1.0, 1.0, 1.0], "Cost": 1773814.69};{"Runtimes": [2288.49, 2291.573, 2288.223, 2287.712, 2297.381], "Hits": [1.0, 1.0, 1.0, 1.0, 1.0], "Cost": 1540260.71};{"Runtimes": [73.444, 72.604, 71.274, 52.36, 52.314], "Hits": [1.0, 1.0, 1.0, 1.0, 1.0], "Cost": 467467.38};{"Runtimes": [2034.745, 2029.111, 2012.614, 2030.578, 2033.592], "Hits": [1.0, 1.0, 1.0, 1.0, 1.0], "Cost": 1555780.84};{"Runtimes": [4235.66, 4226.53, 4204.147, 4236.776, 4243.046], "Hits": [1.0, 1.0, 1.0, 1.0, 1.0], "Cost": 1725884.51};{"Runtimes": [2338.749, 2339.011, 2341.784, 2341.943, 2349.254], "Hits": [1.0, 1.0, 1.0, 1.0, 1.0], "Cost": 1276357.55};{"Runtimes": [4449.786, 4434.325, 4436.014, 4450.859, 4451.769], "Hits": [1.0, 1.0, 1.0, 1.0, 1.0], "Cost": 2775051.84};{"Runtimes": [4164.775, 4157.419, 4165.332, 4164.879, 4156.95], "Hits": [1.0, 1.0, 1.0, 1.0, 1.0], "Cost": 430912.23};{"Runtimes": [189.752, 205.509, 190.017, 190.217, 205.368], "Hits": [1.0, 1.0, 1.0, 1.0, 1.0], "Cost": 58227856.39};{"Runtimes": [37299.137, 37241.209, 37573.954, 37526.703, 39085.504], "Hits": [1.0, 1.0, 1.0, 1.0, 1.0], "Cost": 6001442.3};{"Runtimes": [333.199, 333.575, 332.563, 346.902, 335.217], "Hits": [1.0, 1.0, 1.0, 1.0, 1.0], "Cost": 1367698.38};{"Runtimes": [184.063, 185.821, 189.044, 186.202, 203.566], "Hits": [1.0, 1.0, 1.0, 1.0, 1.0], "Cost": 18595402179754.44};{"Runtimes": [21207.115, 21273.162, 21345.658, 21286.155, 21309.366], "Hits": [1.0, 1.0, 1.0, 1.0, 1.0], "Cost": 4049696.56};{"Runtimes": [1649.054, 1643.556, 1644.307, 1661.164, 1649.273], "Hits": [1.0, 1.0, 1.0, 1.0, 1.0], "Cost": 431364.14};[]
2020-01-15 22:18:59;5522bf3;epic;{"budget": 400, "cost_estimation": "whatif", "number_steps": 20, "pruning": True};10;tpch;postgres;8.06;9;14.66;336871424;{"Runtimes": [6060.724, 6037.989, 6054.913, 6067.721, 6054.912], "Hits": [1.0, 1.0, 1.0, 1.0, 1.0], "Cost": 1437104.29};{"Runtimes": [129.031, 142.72, 143.666, 144.421, 143.706], "Hits": [1.0, 1.0, 1.0, 1.0, 1.0], "Cost": 56082.66};{"Runtimes": [289.33, 296.287, 292.025, 266.94, 297.14], "Hits": [0.9890510948905109, 1.0, 1.0, 1.0, 1.0], "Cost": 1509331.61};{"Runtimes": [3793.827, 3803.376, 3808.571, 3802.457, 3806.464], "Hits": [1.0, 1.0, 1.0, 1.0, 1.0], "Cost": 1541058.72};{"Runtimes": [482.122, 464.32, 482.166, 483.22, 483.509], "Hits": [0.01486988847583643, 1.0, 1.0, 1.0, 1.0], "Cost": 1556578.25};{"Runtimes": [1291.793, 1288.902, 1293.111, 1291.288, 1291.337], "Hits": [1.0, 1.0, 1.0, 1.0, 1.0], "Cost": 1261063.5};{"Runtimes": [532.352, 531.776, 528.549, 508.873, 527.155], "Hits": [1.0, 1.0, 1.0, 1.0, 1.0], "Cost": 1578807.71};{"Runtimes": [552.003, 531.692, 549.513, 549.855, 532.415], "Hits": [1.0, 1.0, 1.0, 1.0, 1.0], "Cost": 1602764.67};{"Runtimes": [7541.177, 7501.131, 7507.612, 7503.532, 7532.695], "Hits": [0.9966532216048879, 1.0, 1.0, 1.0, 1.0], "Cost": 1747028.33};{"Runtimes": [1896.185, 1873.943, 1881.26, 1901.103, 1874.675], "Hits": [1.0, 1.0, 1.0, 1.0, 1.0], "Cost": 1499278.53};{"Runtimes": [79.283, 78.867, 78.143, 79.775, 79.899], "Hits": [1.0, 1.0, 1.0, 1.0, 1.0], "Cost": 463838.59};{"Runtimes": [2037.143, 2029.645, 2033.422, 2028.729, 2030.992], "Hits": [1.0, 1.0, 1.0, 1.0, 1.0], "Cost": 1555787.72};{"Runtimes": [4233.946, 4201.532, 4168.542, 4201.008, 4196.694], "Hits": [0.9867364867192614, 1.0, 1.0, 1.0, 1.0], "Cost": 1714038.62};{"Runtimes": [2328.961, 2315.809, 2341.95, 2338.0, 2324.184], "Hits": [1.0, 1.0, 1.0, 1.0, 1.0], "Cost": 1276704.73};{"Runtimes": [4147.41, 4119.123, 4129.153, 4125.574, 4136.556], "Hits": [0.9999970303057301, 1.0, 1.0, 1.0, 1.0], "Cost": 2763065.27};{"Runtimes": [4168.639, 4165.546, 4150.738, 4157.467, 4176.91], "Hits": [1.0, 1.0, 1.0, 1.0, 1.0], "Cost": 437860.37};{"Runtimes": [152.572, 152.59, 148.139, 163.243, 151.588], "Hits": [0.25, 1.0, 1.0, 1.0, 1.0], "Cost": 58179567.21};{"Runtimes": [37325.346, 37333.218, 37450.29, 37638.078, 45159.156], "Hits": [1.0, 1.0, 1.0, 1.0, 1.0], "Cost": 6026893.75};{"Runtimes": [1427.333, 1425.416, 1423.137, 1431.275, 1410.475], "Hits": [1.0, 1.0, 1.0, 1.0, 1.0], "Cost": 1305551.24};{"Runtimes": [165.725, 161.957, 161.882, 157.958, 162.133], "Hits": [1.0, 1.0, 1.0, 1.0, 1.0], "Cost": 1690385993662.27};{"Runtimes": [5467.944, 5494.582, 5533.88, 5481.311, 5555.522], "Hits": [1.0, 1.0, 1.0, 1.0, 1.0], "Cost": 4046694.92};{"Runtimes": [1635.961, 1634.757, 1648.059, 1647.643, 1633.208], "Hits": [1.0, 1.0, 1.0, 1.0, 1.0], "Cost": 431331.68};[I(C0 n_nationkey,C2 n_regionkey), I(C13 p_container), I(C16 s_suppkey,C19 s_nationkey,C17 s_name), I(C16 s_suppkey), I(C19 s_nationkey,C16 s_suppkey), I(C19 s_nationkey), I(C23 ps_partkey), I(C28 c_custkey), I(C34 c_mktsegment)]
2020-01-15 22:27:14;5522bf3;epic;{"budget": 800, "cost_estimation": "whatif", "number_steps": 20, "pruning": True};10;tpch;postgres;9.22;10;27.46;648888320;{"Runtimes": [6054.606, 6057.473, 6038.989, 6058.354, 6056.868], "Hits": [1.0, 1.0, 1.0, 1.0, 1.0], "Cost": 1436942.23};{"Runtimes": [143.067, 143.832, 145.693, 144.047, 130.272], "Hits": [1.0, 1.0, 1.0, 1.0, 1.0], "Cost": 56082.35};{"Runtimes": [281.592, 298.828, 295.388, 271.016, 297.909], "Hits": [0.9890510948905109, 1.0, 1.0, 1.0, 1.0], "Cost": 1509403.16};{"Runtimes": [3797.564, 3811.967, 3808.74, 3799.471, 3799.051], "Hits": [1.0, 1.0, 1.0, 1.0, 1.0], "Cost": 1541130.52};{"Runtimes": [481.181, 481.767, 483.004, 479.115, 478.876], "Hits": [1.0, 1.0, 1.0, 1.0, 1.0], "Cost": 1557073.16};{"Runtimes": [1298.854, 1295.555, 1279.756, 1281.598, 1292.603], "Hits": [1.0, 1.0, 1.0, 1.0, 1.0], "Cost": 1261072.98};{"Runtimes": [542.758, 541.338, 539.872, 524.359, 542.448], "Hits": [0.4, 1.0, 1.0, 1.0, 1.0], "Cost": 1580376.09};{"Runtimes": [553.255, 546.837, 549.664, 547.699, 548.505], "Hits": [1.0, 1.0, 1.0, 1.0, 1.0], "Cost": 1556625.9};{"Runtimes": [7537.007, 7507.073, 7464.021, 7503.497, 7518.3], "Hits": [0.9966671641588538, 1.0, 1.0, 1.0, 1.0], "Cost": 1682058.72};{"Runtimes": [1878.023, 1868.566, 1889.061, 1889.045, 1889.087], "Hits": [1.0, 1.0, 1.0, 1.0, 1.0], "Cost": 1499306.35};{"Runtimes": [77.896, 78.808, 79.078, 77.657, 78.947], "Hits": [1.0, 1.0, 1.0, 1.0, 1.0], "Cost": 112009.02};{"Runtimes": [2033.439, 2019.151, 2025.71, 2020.104, 2032.266], "Hits": [1.0, 1.0, 1.0, 1.0, 1.0], "Cost": 1555794.63};{"Runtimes": [4171.916, 4180.646, 4160.998, 4184.591, 4197.812], "Hits": [0.9857799282904585, 1.0, 1.0, 1.0, 1.0], "Cost": 1714061.77};{"Runtimes": [2337.286, 2313.483, 2333.395, 2335.173, 2332.209], "Hits": [1.0, 1.0, 1.0, 1.0, 1.0], "Cost": 1276618.92};{"Runtimes": [4151.761, 4145.748, 4125.715, 4118.844, 4124.66], "Hits": [1.0, 1.0, 1.0, 1.0, 1.0], "Cost": 2760672.49};{"Runtimes": [4182.983, 4165.249, 4159.51, 4163.386, 4174.322], "Hits": [1.0, 1.0, 1.0, 1.0, 1.0], "Cost": 434868.94};{"Runtimes": [159.746, 154.733, 154.158, 154.146, 154.998], "Hits": [0.25, 1.0, 1.0, 1.0, 1.0], "Cost": 58180719.69};{"Runtimes": [41732.712, 37383.611, 39482.712, 37384.218, 37484.823], "Hits": [1.0, 1.0, 1.0, 1.0, 1.0], "Cost": 6004910.99};{"Runtimes": [1421.419, 1407.404, 1422.274, 1420.482, 1404.985], "Hits": [1.0, 1.0, 1.0, 1.0, 1.0], "Cost": 1305511.34};{"Runtimes": [181.542, 182.185, 180.685, 186.313, 180.698], "Hits": [0.9012704174228675, 1.0, 1.0, 1.0, 1.0], "Cost": 743769682984.79};{"Runtimes": [5508.618, 5598.08, 5614.144, 5501.687, 5592.487], "Hits": [1.0, 1.0, 1.0, 1.0, 1.0], "Cost": 4046716.13};{"Runtimes": [1640.199, 1654.204, 1630.04, 1639.554, 1631.171], "Hits": [1.0, 1.0, 1.0, 1.0, 1.0], "Cost": 431295.27};[I(C0 n_nationkey,C1 n_name,C2 n_regionkey), I(C11 p_type,C7 p_partkey), I(C13 p_container), I(C16 s_suppkey,C19 s_nationkey,C21 s_acctbal), I(C16 s_suppkey), I(C23 ps_partkey), I(C24 ps_suppkey), I(C28 c_custkey), I(C34 c_mktsegment), I(C7 p_partkey)]
2020-01-15 22:36:01;5522bf3;epic;{"budget": 1600, "cost_estimation": "whatif", "number_steps": 20, "pruning": True};10;tpch;postgres;7.81;6;67.41;1362026496;{"Runtimes": [6053.958, 6056.478, 6045.341, 6057.143, 6056.05], "Hits": [1.0, 1.0, 1.0, 1.0, 1.0], "Cost": 1437095.67};{"Runtimes": [704.208, 708.052, 712.298, 713.393, 703.061], "Hits": [1.0, 1.0, 1.0, 1.0, 1.0], "Cost": 2188052.43};{"Runtimes": [493.78, 496.194, 481.886, 494.722, 510.764], "Hits": [1.0, 1.0, 1.0, 1.0, 1.0], "Cost": 1549896.63};{"Runtimes": [3787.76, 3805.049, 3810.432, 3802.24, 3804.311], "Hits": [1.0, 1.0, 1.0, 1.0, 1.0], "Cost": 1541085.27};{"Runtimes": [482.058, 481.662, 464.48, 483.569, 482.433], "Hits": [0.01486988847583643, 1.0, 1.0, 1.0, 1.0], "Cost": 1556731.73};{"Runtimes": [1299.764, 1294.944, 1294.464, 1285.685, 1272.644], "Hits": [1.0, 1.0, 1.0, 1.0, 1.0], "Cost": 1261081.41};{"Runtimes": [527.416, 529.232, 529.765, 509.315, 528.889], "Hits": [1.0, 1.0, 1.0, 1.0, 1.0], "Cost": 1578855.62};{"Runtimes": [555.114, 532.564, 532.009, 550.535, 534.761], "Hits": [1.0, 1.0, 1.0, 1.0, 1.0], "Cost": 1602683.76};{"Runtimes": [7589.078, 7594.999, 7634.453, 7575.57, 7560.232], "Hits": [0.9999220132476488, 1.0, 1.0, 1.0, 1.0], "Cost": 1770834.31};{"Runtimes": [2285.111, 2270.49, 2290.726, 2278.374, 2299.712], "Hits": [1.0, 1.0, 1.0, 1.0, 1.0], "Cost": 1540284.17};{"Runtimes": [77.233, 78.912, 80.645, 77.964, 80.014], "Hits": [1.0, 1.0, 1.0, 1.0, 1.0], "Cost": 462562.05};{"Runtimes": [2034.461, 2031.938, 2039.5, 2032.549, 2013.289], "Hits": [1.0, 1.0, 1.0, 1.0, 1.0], "Cost": 1555806.81};{"Runtimes": [4235.934, 4229.727, 4242.83, 4236.902, 4226.493], "Hits": [1.0, 1.0, 1.0, 1.0, 1.0], "Cost": 1726036.09};{"Runtimes": [2333.337, 2320.523, 2336.087, 2327.82, 2344.532], "Hits": [1.0, 1.0, 1.0, 1.0, 1.0], "Cost": 1276583.94};{"Runtimes": [4128.878, 4128.176, 4148.36, 4140.452, 4130.27], "Hits": [0.9999969998439919, 1.0, 1.0, 1.0, 1.0], "Cost": 2759845.38};{"Runtimes": [4173.412, 4170.672, 4168.943, 4154.306, 4176.854], "Hits": [1.0, 1.0, 1.0, 1.0, 1.0], "Cost": 433021.1};{"Runtimes": [190.669, 190.182, 204.354, 205.287, 190.372], "Hits": [1.0, 1.0, 1.0, 1.0, 1.0], "Cost": 58231703.15};{"Runtimes": [37307.309, 37413.84, 37458.238, 37437.302, 37327.667], "Hits": [1.0, 1.0, 1.0, 1.0, 1.0], "Cost": 6019737.36};{"Runtimes": [331.67, 331.629, 369.295, 348.525, 349.416], "Hits": [1.0, 1.0, 1.0, 1.0, 1.0], "Cost": 1367727.61};{"Runtimes": [162.371, 164.092, 166.343, 161.471, 163.743], "Hits": [1.0, 1.0, 1.0, 1.0, 1.0], "Cost": 19223491393.88};{"Runtimes": [5449.847, 5516.544, 5558.97, 5476.644, 5532.531], "Hits": [1.0, 1.0, 1.0, 1.0, 1.0], "Cost": 4046740.67};{"Runtimes": [1640.727, 1651.576, 1638.144, 1648.275, 1642.016], "Hits": [1.0, 1.0, 1.0, 1.0, 1.0], "Cost": 431306.08};[I(C0 n_nationkey), I(C16 s_suppkey,C19 s_nationkey,C17 s_name), I(C16 s_suppkey), I(C19 s_nationkey,C16 s_suppkey), I(C19 s_nationkey), I(C47 l_suppkey)]
2020-01-15 22:45:41;5522bf3;epic;{"budget": 3200, "cost_estimation": "whatif", "number_steps": 20, "pruning": True};10;tpch;postgres;14.86;15;121.37;2723430400;{"Runtimes": [6057.671, 6065.852, 6057.76, 6059.869, 6059.816], "Hits": [1.0, 1.0, 1.0, 1.0, 1.0], "Cost": 1436870.42};{"Runtimes": [51.437, 50.508, 50.835, 51.014, 47.637], "Hits": [0.9956908265072402, 1.0, 1.0, 1.0, 1.0], "Cost": 49871.06};{"Runtimes": [451.563, 454.414, 459.037, 443.126, 457.837], "Hits": [0.9907407407407407, 1.0, 1.0, 1.0, 1.0], "Cost": 1212709.89};{"Runtimes": [3794.05, 3795.422, 3789.327, 3804.359, 3802.321], "Hits": [1.0, 1.0, 1.0, 1.0, 1.0], "Cost": 1541137.67};{"Runtimes": [483.245, 482.221, 483.316, 481.121, 482.056], "Hits": [1.0, 1.0, 1.0, 1.0, 1.0], "Cost": 1557090.05};{"Runtimes": [1280.624, 1279.225, 1297.023, 1306.676, 1300.981], "Hits": [1.0, 1.0, 1.0, 1.0, 1.0], "Cost": 1261084.18};{"Runtimes": [527.842, 527.146, 507.931, 508.973, 525.919], "Hits": [1.0, 1.0, 1.0, 1.0, 1.0], "Cost": 1578740.29};{"Runtimes": [518.332, 497.162, 517.177, 515.72, 516.051], "Hits": [1.0, 1.0, 1.0, 1.0, 1.0], "Cost": 1461739.7};{"Runtimes": [5007.274, 4893.409, 4925.501, 4911.8, 4907.96], "Hits": [0.9971001424141189, 1.0, 1.0, 1.0, 1.0], "Cost": 1476688.27};{"Runtimes": [1397.782, 1371.535, 1367.393, 1380.406, 1388.688], "Hits": [1.0, 1.0, 1.0, 1.0, 1.0], "Cost": 1200539.9};{"Runtimes": [82.474, 58.89, 79.451, 59.556, 78.638], "Hits": [0.4, 1.0, 1.0, 1.0, 1.0], "Cost": 111729.93};{"Runtimes": [1422.879, 1423.142, 1438.281, 1441.442, 1425.367], "Hits": [1.0, 1.0, 1.0, 1.0, 1.0], "Cost": 1260518.5};{"Runtimes": [5829.098, 5573.111, 5539.063, 5567.968, 5587.948], "Hits": [0.9976860127151793, 1.0, 1.0, 1.0, 1.0], "Cost": 1500865.61};{"Runtimes": [2342.476, 2340.29, 2333.286, 2342.853, 2338.871], "Hits": [1.0, 1.0, 1.0, 1.0, 1.0], "Cost": 1276259.55};{"Runtimes": [4146.902, 4158.182, 4137.999, 4136.067, 4123.901], "Hits": [1.0, 1.0, 1.0, 1.0, 1.0], "Cost": 2755511.23};{"Runtimes": [4160.357, 4144.506, 4157.182, 4139.929, 4137.593], "Hits": [0.996131241531645, 1.0, 1.0, 1.0, 1.0], "Cost": 433734.9};{"Runtimes": [154.557, 155.738, 153.003, 159.332, 155.436], "Hits": [0.25, 1.0, 1.0, 1.0, 1.0], "Cost": 52557175.42};{"Runtimes": [50295.419, 38316.143, 37506.552, 37678.487, 37680.418], "Hits": [1.0, 1.0, 1.0, 1.0, 1.0], "Cost": 5997648.35};{"Runtimes": [1413.796, 1427.235, 1431.762, 1411.033, 1431.166], "Hits": [1.0, 1.0, 1.0, 1.0, 1.0], "Cost": 1305507.85};{"Runtimes": [191.919, 192.118, 179.991, 191.514, 196.578], "Hits": [0.9012704174228675, 1.0, 1.0, 1.0, 1.0], "Cost": 786674846.89};{"Runtimes": [5325.661, 5355.97, 5316.48, 5413.953, 5320.55], "Hits": [1.0, 1.0, 1.0, 1.0, 1.0], "Cost": 3757174.83};{"Runtimes": [496.732, 509.615, 516.227, 496.821, 497.696], "Hits": [1.0, 1.0, 1.0, 1.0, 1.0], "Cost": 97948.56};[I(C0 n_nationkey,C1 n_name,C2 n_regionkey), I(C11 p_type,C7 p_partkey), I(C12 p_size), I(C13 p_container), I(C16 s_suppkey,C19 s_nationkey,C21 s_acctbal), I(C16 s_suppkey), I(C19 s_nationkey,C16 s_suppkey,C17 s_name), I(C23 ps_partkey), I(C24 ps_suppkey), I(C28 c_custkey), I(C34 c_mktsegment), I(C36 o_orderkey), I(C37 o_custkey), I(C47 l_suppkey), I(C7 p_partkey)]
2020-01-15 22:57:12;5522bf3;epic;{"budget": 6400, "cost_estimation": "whatif", "number_steps": 20, "pruning": True};10;tpch;postgres;12.43;12;213.33;4658692096;{"Runtimes": [6036.731, 6059.911, 6059.386, 6056.947, 6059.763], "Hits": [1.0, 1.0, 1.0, 1.0, 1.0], "Cost": 1436938.37};{"Runtimes": [129.212, 143.696, 142.3, 143.352, 145.903], "Hits": [1.0, 1.0, 1.0, 1.0, 1.0], "Cost": 56787.76};{"Runtimes": [75.974, 97.813, 96.142, 96.948, 98.67], "Hits": [0.9846938775510204, 1.0, 1.0, 1.0, 1.0], "Cost": 297734.35};{"Runtimes": [983.277, 989.992, 989.252, 977.946, 992.633], "Hits": [0.9998242397985849, 1.0, 1.0, 1.0, 1.0], "Cost": 382580.85};{"Runtimes": [450.477, 432.22, 454.228, 451.479, 452.955], "Hits": [1.0, 1.0, 1.0, 1.0, 1.0], "Cost": 1519007.28};{"Runtimes": [1294.942, 1295.06, 1294.169, 1279.198, 1277.684], "Hits": [1.0, 1.0, 1.0, 1.0, 1.0], "Cost": 1261082.5};{"Runtimes": [566.42, 548.252, 545.182, 566.244, 549.856], "Hits": [1.0, 1.0, 1.0, 1.0, 1.0], "Cost": 1581011.76};{"Runtimes": [514.752, 514.06, 511.891, 497.549, 512.76], "Hits": [1.0, 1.0, 1.0, 1.0, 1.0], "Cost": 718736.54};{"Runtimes": [9380.006, 9364.575, 9372.342, 9369.037, 9369.667], "Hits": [0.9999272515640913, 1.0, 1.0, 1.0, 1.0], "Cost": 1771556.7};{"Runtimes": [1895.624, 1896.637, 1892.21, 1897.807, 1903.336], "Hits": [1.0, 1.0, 1.0, 1.0, 1.0], "Cost": 1499301.41};{"Runtimes": [81.119, 80.243, 77.835, 78.572, 80.353], "Hits": [1.0, 1.0, 1.0, 1.0, 1.0], "Cost": 124447.32};{"Runtimes": [2038.038, 2011.724, 2039.247, 2014.149, 2020.368], "Hits": [1.0, 1.0, 1.0, 1.0, 1.0], "Cost": 1555798.73};{"Runtimes": [4194.172, 4170.911, 4158.288, 4193.641, 4183.02], "Hits": [0.9857827282633136, 1.0, 1.0, 1.0, 1.0], "Cost": 1720554.51};{"Runtimes": [2317.067, 2336.816, 2331.91, 2337.38, 2347.136], "Hits": [1.0, 1.0, 1.0, 1.0, 1.0], "Cost": 1277184.3};{"Runtimes": [4137.227, 4124.148, 4123.271, 4150.67, 4143.042], "Hits": [0.9999940374863235, 1.0, 1.0, 1.0, 1.0], "Cost": 2765506.4};{"Runtimes": [4187.957, 4177.479, 4178.053, 4180.331, 4150.357], "Hits": [1.0, 1.0, 1.0, 1.0, 1.0], "Cost": 435329.34};{"Runtimes": [0.033, 0.012, 0.02, 0.024, 0.024], "Hits": [0.0, 1.0, 1.0, 1.0, 1.0], "Cost": 4674.71};{"Runtimes": [27640.154, 27199.927, 27280.357, 26092.674, 25822.189], "Hits": [0.9767177982140213, 1.0, 1.0, 1.0, 1.0], "Cost": 3722230.38};{"Runtimes": [0.2, 0.128, 0.128, 0.133, 0.128], "Hits": [0.3888888888888889, 1.0, 1.0, 1.0, 1.0], "Cost": 196.58};{"Runtimes": [190.103, 184.952, 180.499, 183.444, 186.816], "Hits": [0.8038897893030794, 1.0, 1.0, 1.0, 1.0], "Cost": 4846230.0};{"Runtimes": [402.587, 404.228, 384.852, 387.051, 399.729], "Hits": [1.0, 1.0, 1.0, 1.0, 1.0], "Cost": 293221.46};{"Runtimes": [1624.487, 1622.311, 1643.345, 1641.169, 1639.962], "Hits": [1.0, 1.0, 1.0, 1.0, 1.0], "Cost": 431547.34};[I(C0 n_nationkey,C1 n_name,C2 n_regionkey), I(C13 p_container), I(C16 s_suppkey,C19 s_nationkey,C22 s_comment), I(C17 s_name), I(C23 ps_partkey), I(C24 ps_suppkey), I(C28 c_custkey), I(C34 c_mktsegment), I(C45 l_orderkey), I(C46 l_partkey), I(C47 l_suppkey,C55 l_shipdate), I(C7 p_partkey,C11 p_type)]
2020-01-15 23:10:02;5522bf3;epic;{"budget": 12800, "cost_estimation": "whatif", "number_steps": 20, "pruning": True};10;tpch;postgres;33.5;19;418.93;9183617024;{"Runtimes": [6043.161, 6044.576, 6047.229, 6056.493, 6057.927], "Hits": [1.0, 1.0, 1.0, 1.0, 1.0], "Cost": 1437020.4};{"Runtimes": [49.678, 44.671, 50.541, 51.093, 49.119], "Hits": [0.9957684692728755, 1.0, 1.0, 1.0, 1.0], "Cost": 50089.89};{"Runtimes": [0.031, 0.024, 0.023, 0.026, 0.031], "Hits": [0.0, 1.0, 1.0, 1.0, 1.0], "Cost": 120.98};{"Runtimes": [1173.986, 996.246, 991.785, 994.567, 991.62], "Hits": [0.937041925735524, 1.0, 1.0, 1.0, 1.0], "Cost": 381901.64};{"Runtimes": [426.495, 444.353, 445.688, 425.219, 442.99], "Hits": [1.0, 1.0, 1.0, 1.0, 1.0], "Cost": 1505989.34};{"Runtimes": [1297.49, 1297.301, 1284.628, 1299.54, 1283.204], "Hits": [1.0, 1.0, 1.0, 1.0, 1.0], "Cost": 1261067.43};{"Runtimes": [539.136, 538.288, 537.979, 519.549, 537.57], "Hits": [1.0, 1.0, 1.0, 1.0, 1.0], "Cost": 1390113.51};{"Runtimes": [559.375, 560.141, 556.568, 560.294, 563.247], "Hits": [1.0, 1.0, 1.0, 1.0, 1.0], "Cost": 720614.4};{"Runtimes": [6815.337, 6630.609, 6640.429, 6636.245, 6647.342], "Hits": [0.9929079158279741, 1.0, 1.0, 1.0, 1.0], "Cost": 845065.12};{"Runtimes": [0.043, 0.02, 0.029, 0.022, 0.026], "Hits": [0.0, 1.0, 1.0, 1.0, 1.0], "Cost": 36.09};{"Runtimes": [81.597, 80.396, 61.102, 80.689, 79.486], "Hits": [1.0, 1.0, 1.0, 1.0, 1.0], "Cost": 124166.7};{"Runtimes": [0.082, 0.038, 0.03, 0.032, 0.039], "Hits": [0.125, 1.0, 1.0, 1.0, 1.0], "Cost": 21.58};{"Runtimes": [5612.517, 5542.319, 5572.993, 5584.731, 5547.381], "Hits": [0.9997134639407476, 1.0, 1.0, 1.0, 1.0], "Cost": 1524918.73};{"Runtimes": [2314.34, 2314.717, 2317.237, 2335.8, 2325.294], "Hits": [1.0, 1.0, 1.0, 1.0, 1.0], "Cost": 1276183.55};{"Runtimes": [4147.239, 4132.392, 4131.545, 4123.157, 4125.017], "Hits": [0.9999940868464857, 1.0, 1.0, 1.0, 1.0], "Cost": 2762577.18};{"Runtimes": [4149.161, 4155.467, 4150.669, 4157.81, 4139.787], "Hits": [0.9961225281116712, 1.0, 1.0, 1.0, 1.0], "Cost": 430100.38};{"Runtimes": [0.063, 0.025, 0.023, 0.017, 0.026], "Hits": [0.0, 1.0, 1.0, 1.0, 1.0], "Cost": 4142.94};{"Runtimes": [25969.876, 26151.791, 25848.314, 26146.426, 27511.613], "Hits": [0.999329567137878, 1.0, 1.0, 1.0, 1.0], "Cost": 3730889.73};{"Runtimes": [0.069, 0.033, 0.034, 0.036, 0.019], "Hits": [0.25, 1.0, 1.0, 1.0, 1.0], "Cost": 21.65};{"Runtimes": [191.014, 189.501, 191.553, 189.822, 190.298], "Hits": [0.8038897893030794, 1.0, 1.0, 1.0, 1.0], "Cost": 2853321.33};{"Runtimes": [0.031, 0.017, 0.025, 0.028, 0.027], "Hits": [0.0, 1.0, 1.0, 1.0, 1.0], "Cost": 63.61};{"Runtimes": [565.576, 520.601, 519.541, 521.685, 518.686], "Hits": [0.9254748752587844, 1.0, 1.0, 1.0, 1.0], "Cost": 98005.52};[I(C0 n_nationkey,C1 n_name,C2 n_regionkey), I(C10 p_brand), I(C12 p_size), I(C13 p_container), I(C16 s_suppkey,C19 s_nationkey,C22 s_comment), I(C17 s_name), I(C23 ps_partkey), I(C24 ps_suppkey), I(C28 c_custkey), I(C34 c_mktsegment,C28 c_custkey), I(C36 o_orderkey), I(C37 o_custkey,C36 o_orderkey,C40 o_orderdate), I(C38 o_orderstatus), I(C45 l_orderkey), I(C46 l_partkey,C47 l_suppkey), I(C47 l_suppkey,C55 l_shipdate), I(C53 l_returnflag), I(C59 l_shipmode), I(C7 p_partkey,C8 p_name)]
2020-01-15 23:44:30;5522bf3;ibm;{"max_index_columns": 3, "budget": 400, "try_variation_seconds_limit": 1};10;tpch;postgres;4.02;8;11.82;287096832;{"Runtimes": [6062.16, 6060.166, 6039.939, 6049.021, 6048.521], "Hits": [1.0, 1.0, 1.0, 1.0, 1.0], "Cost": 1436803.6};{"Runtimes": [738.874, 708.888, 710.812, 691.541, 693.909], "Hits": [0.7614832195676906, 1.0, 1.0, 1.0, 1.0], "Cost": 1808346.92};{"Runtimes": [265.884, 276.228, 286.206, 266.748, 270.114], "Hits": [0.9890510948905109, 1.0, 1.0, 1.0, 1.0], "Cost": 1509470.56};{"Runtimes": [3781.723, 3790.964, 3812.437, 3806.479, 3819.84], "Hits": [1.0, 1.0, 1.0, 1.0, 1.0], "Cost": 1541154.9};{"Runtimes": [383.646, 365.567, 382.416, 394.086, 392.443], "Hits": [1.0, 1.0, 1.0, 1.0, 1.0], "Cost": 1537697.17};{"Runtimes": [1298.611, 1303.725, 1300.427, 1287.91, 1289.242], "Hits": [1.0, 1.0, 1.0, 1.0, 1.0], "Cost": 1261116.62};{"Runtimes": [522.075, 505.147, 522.738, 523.78, 504.996], "Hits": [1.0, 1.0, 1.0, 1.0, 1.0], "Cost": 1567896.7};{"Runtimes": [443.426, 463.442, 460.444, 462.208, 462.88], "Hits": [1.0, 1.0, 1.0, 1.0, 1.0], "Cost": 1579316.34};{"Runtimes": [9197.473, 9209.59, 9216.017, 9172.16, 9177.284], "Hits": [0.9998588357223055, 1.0, 1.0, 1.0, 1.0], "Cost": 1771964.79};{"Runtimes": [1883.068, 1894.166, 1901.739, 1904.69, 1892.661], "Hits": [1.0, 1.0, 1.0, 1.0, 1.0], "Cost": 1499319.97};{"Runtimes": [73.162, 70.54, 52.496, 72.438, 70.823], "Hits": [1.0, 1.0, 1.0, 1.0, 1.0], "Cost": 469102.14};{"Runtimes": [2032.888, 2048.589, 2035.691, 2013.179, 2032.477], "Hits": [1.0, 1.0, 1.0, 1.0, 1.0], "Cost": 1555814.36};{"Runtimes": [4184.124, 4177.249, 4169.72, 4184.018, 4159.501], "Hits": [0.9858196849981686, 1.0, 1.0, 1.0, 1.0], "Cost": 1720505.07};{"Runtimes": [2324.654, 2331.015, 2317.475, 2322.854, 2334.164], "Hits": [1.0, 1.0, 1.0, 1.0, 1.0], "Cost": 1276650.64};{"Runtimes": [4138.028, 4156.795, 4143.135, 4154.997, 4156.146], "Hits": [1.0, 1.0, 1.0, 1.0, 1.0], "Cost": 2771451.93};{"Runtimes": [4152.91, 4157.681, 4171.377, 4174.902, 4156.036], "Hits": [0.9961225281116712, 1.0, 1.0, 1.0, 1.0], "Cost": 430319.72};{"Runtimes": [204.63, 205.174, 189.6, 190.831, 190.272], "Hits": [1.0, 1.0, 1.0, 1.0, 1.0], "Cost": 58231891.35};{"Runtimes": [37196.397, 37425.206, 40315.439, 37532.441, 37530.916], "Hits": [1.0, 1.0, 1.0, 1.0, 1.0], "Cost": 6002181.49};{"Runtimes": [1425.805, 1424.542, 1423.607, 1419.016, 1411.791], "Hits": [1.0, 1.0, 1.0, 1.0, 1.0], "Cost": 1305524.6};{"Runtimes": [193.723, 190.792, 192.138, 191.836, 190.723], "Hits": [0.8048622366288493, 1.0, 1.0, 1.0, 1.0], "Cost": 18594810408378.82};{"Runtimes": [null, null, null, null, null], "Hits": [null, null, null, null, null], "Cost": 4071027.59};{"Runtimes": [1634.335, 1622.597, 1648.887, 1644.739, 1638.471], "Hits": [1.0, 1.0, 1.0, 1.0, 1.0], "Cost": 431472.95};[I(C0 n_nationkey,C2 n_regionkey,C1 n_name), I(C12 p_size), I(C16 s_suppkey), I(C17 s_name), I(C28 c_custkey), I(C31 c_nationkey,C28 c_custkey), I(C34 c_mktsegment,C28 c_custkey), I(C7 p_partkey,C8 p_name)]
2020-01-15 23:53:04;5522bf3;ibm;{"max_index_columns": 3, "budget": 800, "try_variation_seconds_limit": 1};10;tpch;postgres;3.62;6;17.1;453042176;{"Runtimes": [6044.914, 6043.803, 6048.395, 6062.746, 6056.245], "Hits": [1.0, 1.0, 1.0, 1.0, 1.0], "Cost": 1436918.44};{"Runtimes": [486.089, 482.919, 476.219, 485.698, 487.929], "Hits": [0.9957684692728755, 1.0, 1.0, 1.0, 1.0], "Cost": 964243.85};{"Runtimes": [503.623, 503.237, 504.412, 496.634, 501.922], "Hits": [1.0, 1.0, 1.0, 1.0, 1.0], "Cost": 1549914.34};{"Runtimes": [3816.435, 3795.521, 3809.539, 3807.57, 3792.475], "Hits": [1.0, 1.0, 1.0, 1.0, 1.0], "Cost": 1541120.07};{"Runtimes": [499.376, 496.763, 500.037, 478.815, 496.234], "Hits": [1.0, 1.0, 1.0, 1.0, 1.0], "Cost": 1557759.95};{"Runtimes": [1305.253, 1305.15, 1299.562, 1280.854, 1281.201], "Hits": [1.0, 1.0, 1.0, 1.0, 1.0], "Cost": 1261085.16};{"Runtimes": [567.04, 566.77, 567.271, 566.558, 573.114], "Hits": [1.0, 1.0, 1.0, 1.0, 1.0], "Cost": 1580499.64};{"Runtimes": [539.378, 542.108, 539.529, 521.142, 638.192], "Hits": [1.0, 1.0, 1.0, 1.0, 1.0], "Cost": 1603717.75};{"Runtimes": [9496.313, 9500.364, 9516.097, 9474.844, 9511.075], "Hits": [0.9999987969244577, 1.0, 1.0, 1.0, 1.0], "Cost": 1771599.39};{"Runtimes": [1881.275, 1897.595, 1896.219, 1901.618, 1895.102], "Hits": [1.0, 1.0, 1.0, 1.0, 1.0], "Cost": 1499303.2};{"Runtimes": [80.449, 79.134, 79.935, 60.966, 60.319], "Hits": [1.0, 1.0, 1.0, 1.0, 1.0], "Cost": 124841.95};{"Runtimes": [2035.517, 2038.256, 2019.719, 2037.895, 2033.861], "Hits": [1.0, 1.0, 1.0, 1.0, 1.0], "Cost": 1555807.9};{"Runtimes": [4187.413, 4183.653, 4198.54, 4200.733, 4188.512], "Hits": [0.9859020930634839, 1.0, 1.0, 1.0, 1.0], "Cost": 1720453.16};{"Runtimes": [2331.702, 2327.852, 2324.094, 2341.24, 2335.106], "Hits": [1.0, 1.0, 1.0, 1.0, 1.0], "Cost": 1276456.78};{"Runtimes": [4120.974, 4154.616, 4124.9, 4147.172, 4123.726], "Hits": [1.0, 1.0, 1.0, 1.0, 1.0], "Cost": 2770367.29};{"Runtimes": [4676.877, 4644.326, 4634.743, 4612.408, 4613.256], "Hits": [0.9559214636198345, 1.0, 1.0, 1.0, 1.0], "Cost": 407537.53};{"Runtimes": [204.95, 205.617, 190.192, 513.436, 204.662], "Hits": [1.0, 1.0, 1.0, 1.0, 1.0], "Cost": 58230871.4};{"Runtimes": [43839.824, 45503.614, 37713.902, 39915.902, 37537.347], "Hits": [1.0, 1.0, 1.0, 1.0, 1.0], "Cost": 5980318.21};{"Runtimes": [1432.745, 1431.803, 1435.308, 1423.784, 1412.162], "Hits": [1.0, 1.0, 1.0, 1.0, 1.0], "Cost": 1305516.73};{"Runtimes": [192.794, 182.843, 190.345, 192.18, 196.66], "Hits": [1.0, 1.0, 1.0, 1.0, 1.0], "Cost": 734483880149.09};{"Runtimes": [5519.98, 5515.606, 5606.469, 5523.042, 5558.351], "Hits": [1.0, 1.0, 1.0, 1.0, 1.0], "Cost": 4046738.02};{"Runtimes": [1650.606, 1639.181, 1640.387, 1653.284, 1644.42], "Hits": [1.0, 1.0, 1.0, 1.0, 1.0], "Cost": 431516.42};[I(C0 n_nationkey,C1 n_name), I(C12 p_size), I(C16 s_suppkey), I(C24 ps_suppkey,C23 ps_partkey,C25 ps_availqty), I(C28 c_custkey), I(C7 p_partkey,C8 p_name)]
2020-01-16 00:25:57;5522bf3;ibm;{"max_index_columns": 3, "budget": 1600, "try_variation_seconds_limit": 1};10;tpch;postgres;3.54;15;38.28;894025728;{"Runtimes": [6063.202, 6060.593, 6054.212, 6060.953, 6064.331], "Hits": [1.0, 1.0, 1.0, 1.0, 1.0], "Cost": 1437037.36};{"Runtimes": [506.015, 484.573, 475.735, 478.222, 475.479], "Hits": [0.7224803581988679, 1.0, 1.0, 1.0, 1.0], "Cost": 1072171.2};{"Runtimes": [286.546, 265.019, 290.26, 285.695, 266.898], "Hits": [0.9890510948905109, 1.0, 1.0, 1.0, 1.0], "Cost": 1509345.61};{"Runtimes": [3805.649, 3807.108, 3794.737, 3809.097, 3808.01], "Hits": [1.0, 1.0, 1.0, 1.0, 1.0], "Cost": 1541077.54};{"Runtimes": [384.444, 365.148, 382.839, 392.49, 395.691], "Hits": [1.0, 1.0, 1.0, 1.0, 1.0], "Cost": 1537674.81};{"Runtimes": [1294.424, 1292.163, 1292.868, 1301.107, 1300.666], "Hits": [1.0, 1.0, 1.0, 1.0, 1.0], "Cost": 1261074.28};{"Runtimes": [524.483, 525.028, 609.514, 504.375, 524.674], "Hits": [1.0, 1.0, 1.0, 1.0, 1.0], "Cost": 1568136.08};{"Runtimes": [465.15, 461.649, 440.305, 445.539, 461.397], "Hits": [0.75, 1.0, 1.0, 1.0, 1.0], "Cost": 1532673.51};{"Runtimes": [7627.118, 7570.83, 7606.359, 7619.735, 7615.384], "Hits": [0.9999218140930378, 1.0, 1.0, 1.0, 1.0], "Cost": 1771188.33};{"Runtimes": [1900.05, 1887.566, 1888.959, 1891.781, 1884.045], "Hits": [1.0, 1.0, 1.0, 1.0, 1.0], "Cost": 1499299.61};{"Runtimes": [60.264, 80.925, 79.296, 82.47, 79.618], "Hits": [1.0, 1.0, 1.0, 1.0, 1.0], "Cost": 126291.33};{"Runtimes": [2031.344, 2013.912, 2027.396, 2013.566, 2036.318], "Hits": [1.0, 1.0, 1.0, 1.0, 1.0], "Cost": 1555796.44};{"Runtimes": [4186.548, 4191.183, 4210.868, 4187.499, 4175.544], "Hits": [0.9856571749193436, 1.0, 1.0, 1.0, 1.0], "Cost": 1707913.75};{"Runtimes": [2340.825, 2321.125, 2317.637, 2340.962, 2339.411], "Hits": [1.0, 1.0, 1.0, 1.0, 1.0], "Cost": 1276411.72};{"Runtimes": [4158.311, 4144.941, 4149.31, 4141.931, 4142.957], "Hits": [0.9999970041582283, 1.0, 1.0, 1.0, 1.0], "Cost": 2764175.64};{"Runtimes": [4668.633, 4641.329, 4624.594, 4637.104, 4644.033], "Hits": [0.9559196154915858, 1.0, 1.0, 1.0, 1.0], "Cost": 406528.76};{"Runtimes": [148.965, 136.438, 142.754, 146.091, 148.488], "Hits": [0.25, 1.0, 1.0, 1.0, 1.0], "Cost": 56305376.83};{"Runtimes": [39405.241, 37308.58, 37241.913, 39743.661, 37445.43], "Hits": [1.0, 1.0, 1.0, 1.0, 1.0], "Cost": 5996613.79};{"Runtimes": [1427.755, 1424.02, 1423.74, 1406.03, 1432.094], "Hits": [1.0, 1.0, 1.0, 1.0, 1.0], "Cost": 1305503.68};{"Runtimes": [200.398, 183.548, 191.803, 187.929, 200.153], "Hits": [0.8048622366288493, 1.0, 1.0, 1.0, 1.0], "Cost": 753050235307.16};{"Runtimes": [null, null, null, null, null], "Hits": [null, null, null, null, null], "Cost": 4071130.94};{"Runtimes": [1563.76, 1591.863, 1584.543, 1582.887, 1563.981], "Hits": [0.9931181455213194, 1.0, 1.0, 1.0, 1.0], "Cost": 404704.69};[I(C0 n_nationkey,C1 n_name), I(C0 n_nationkey,C2 n_regionkey,C1 n_name), I(C11 p_type,C7 p_partkey), I(C12 p_size), I(C13 p_container,C7 p_partkey,C10 p_brand), I(C16 s_suppkey,C19 s_nationkey,C17 s_name), I(C16 s_suppkey), I(C17 s_name), I(C24 ps_suppkey,C23 ps_partkey,C25 ps_availqty), I(C28 c_custkey), I(C31 c_nationkey,C28 c_custkey), I(C33 c_acctbal,C32 c_phone,C28 c_custkey), I(C34 c_mktsegment,C28 c_custkey), I(C7 p_partkey,C12 p_size,C13 p_container), I(C7 p_partkey,C8 p_name)]
2020-01-16 00:58:57;5522bf3;ibm;{"max_index_columns": 3, "budget": 3200, "try_variation_seconds_limit": 1};10;tpch;postgres;3.55;17;76.6;1699880960;{"Runtimes": [6063.792, 6062.063, 6059.322, 6046.404, 6045.03], "Hits": [1.0, 1.0, 1.0, 1.0, 1.0], "Cost": 1436743.83};{"Runtimes": [51.965, 50.764, 51.448, 54.161, 48.488], "Hits": [0.9956908265072402, 1.0, 1.0, 1.0, 1.0], "Cost": 43115.2};{"Runtimes": [271.576, 283.462, 266.782, 289.69, 271.222], "Hits": [0.9890510948905109, 1.0, 1.0, 1.0, 1.0], "Cost": 1509383.89};{"Runtimes": [3814.582, 3808.807, 3804.29, 3801.33, 3826.884], "Hits": [1.0, 1.0, 1.0, 1.0, 1.0], "Cost": 1541157.57};{"Runtimes": [383.639, 394.244, 375.132, 394.587, 393.535], "Hits": [0.9995475113122172, 1.0, 1.0, 1.0, 1.0], "Cost": 1537421.23};{"Runtimes": [1280.451, 1293.345, 1298.021, 1297.671, 1277.591], "Hits": [1.0, 1.0, 1.0, 1.0, 1.0], "Cost": 1261081.57};{"Runtimes": [524.928, 523.413, 538.469, 578.28, 523.873], "Hits": [1.0, 1.0, 1.0, 1.0, 1.0], "Cost": 1568150.63};{"Runtimes": [426.266, 403.622, 424.859, 423.931, 423.13], "Hits": [0.25, 1.0, 1.0, 1.0, 1.0], "Cost": 1457223.05};{"Runtimes": [4709.351, 4595.052, 4570.279, 4587.63, 4565.055], "Hits": [0.9938966423582754, 1.0, 1.0, 1.0, 1.0], "Cost": 1391969.68};{"Runtimes": [1386.633, 1366.019, 1390.479, 1366.745, 1393.596], "Hits": [1.0, 1.0, 1.0, 1.0, 1.0], "Cost": 1200533.95};{"Runtimes": [80.589, 80.295, 79.122, 80.445, 80.612], "Hits": [1.0, 1.0, 1.0, 1.0, 1.0], "Cost": 126159.33};{"Runtimes": [1441.485, 1445.345, 1436.372, 1440.666, 1435.618], "Hits": [1.0, 1.0, 1.0, 1.0, 1.0], "Cost": 1260507.79};{"Runtimes": [4176.341, 4163.216, 4191.549, 4170.384, 4177.647], "Hits": [0.9856101237424194, 1.0, 1.0, 1.0, 1.0], "Cost": 1714079.11};{"Runtimes": [2326.224, 2324.073, 2313.548, 2333.429, 2321.787], "Hits": [1.0, 1.0, 1.0, 1.0, 1.0], "Cost": 1276357.6};{"Runtimes": [4136.831, 4157.11, 4146.76, 4152.112, 4155.998], "Hits": [0.9999969751508644, 1.0, 1.0, 1.0, 1.0], "Cost": 2760902.82};{"Runtimes": [3844.503, 3817.378, 3811.596, 3822.285, 3832.867], "Hits": [0.9813178347268484, 1.0, 1.0, 1.0, 1.0], "Cost": 404369.92};{"Runtimes": [148.278, 144.455, 143.752, 137.701, 142.38], "Hits": [0.25, 1.0, 1.0, 1.0, 1.0], "Cost": 58178412.66};{"Runtimes": [37633.037, 37627.627, 37717.494, 37673.762, 37585.886], "Hits": [1.0, 1.0, 1.0, 1.0, 1.0], "Cost": 6029244.55};{"Runtimes": [1413.502, 1429.803, 1425.102, 1430.8, 1425.652], "Hits": [1.0, 1.0, 1.0, 1.0, 1.0], "Cost": 1305493.57};{"Runtimes": [198.795, 184.616, 188.691, 189.616, 194.861], "Hits": [0.8074554294975689, 1.0, 1.0, 1.0, 1.0], "Cost": 743731744907.93};{"Runtimes": [null, null, null, null, null], "Hits": [null, null, null, null, null], "Cost": 3777919.89};{"Runtimes": [1610.855, 1596.165, 1594.048, 1581.432, 1592.299], "Hits": [0.9930501538773716, 1.0, 1.0, 1.0, 1.0], "Cost": 404615.54};[I(C0 n_nationkey,C1 n_name), I(C0 n_nationkey,C2 n_regionkey,C1 n_name), I(C11 p_type,C7 p_partkey), I(C12 p_size), I(C13 p_container,C7 p_partkey,C10 p_brand), I(C16 s_suppkey,C19 s_nationkey,C17 s_name), I(C16 s_suppkey), I(C17 s_name), I(C23 ps_partkey,C24 ps_suppkey,C26 ps_supplycost), I(C24 ps_suppkey,C23 ps_partkey,C25 ps_availqty), I(C28 c_custkey), I(C31 c_nationkey,C28 c_custkey), I(C33 c_acctbal,C32 c_phone,C28 c_custkey), I(C34 c_mktsegment,C28 c_custkey), I(C36 o_orderkey,C40 o_orderdate), I(C38 o_orderstatus,C36 o_orderkey), I(C7 p_partkey,C12 p_size,C13 p_container)]
2020-01-16 01:34:21;5522bf3;ibm;{"max_index_columns": 3, "budget": 6400, "try_variation_seconds_limit": 1};10;tpch;postgres;3.55;17;189.44;3910418432;{"Runtimes": [6061.007, 6059.264, 6061.959, 6058.09, 6046.311], "Hits": [1.0, 1.0, 1.0, 1.0, 1.0], "Cost": 1436674.47};{"Runtimes": [51.144, 50.927, 53.304, 51.156, 51.327], "Hits": [0.9957684692728755, 1.0, 1.0, 1.0, 1.0], "Cost": 44009.84};{"Runtimes": [284.104, 287.67, 296.677, 296.904, 287.345], "Hits": [0.9890510948905109, 1.0, 1.0, 1.0, 1.0], "Cost": 1509470.87};{"Runtimes": [4478.983, 4478.193, 4477.669, 4498.15, 4495.738], "Hits": [0.9979450082633545, 1.0, 1.0, 1.0, 1.0], "Cost": 1262409.95};{"Runtimes": [375.314, 395.029, 383.289, 385.928, 395.579], "Hits": [1.0, 1.0, 1.0, 1.0, 1.0], "Cost": 1537718.79};{"Runtimes": [1296.049, 1294.501, 1278.87, 1299.367, 1300.847], "Hits": [1.0, 1.0, 1.0, 1.0, 1.0], "Cost": 1261083.21};{"Runtimes": [504.349, 519.569, 519.707, 524.534, 539.37], "Hits": [1.0, 1.0, 1.0, 1.0, 1.0], "Cost": 1568310.34};{"Runtimes": [435.546, 434.33, 434.535, 416.572, 433.05], "Hits": [1.0, 1.0, 1.0, 1.0, 1.0], "Cost": 1207692.61};{"Runtimes": [7318.362, 7348.153, 7364.304, 7364.004, 7356.434], "Hits": [0.9998930685506969, 1.0, 1.0, 1.0, 1.0], "Cost": 1668499.17};{"Runtimes": [1381.808, 1370.838, 1385.058, 1392.827, 1361.267], "Hits": [1.0, 1.0, 1.0, 1.0, 1.0], "Cost": 1218437.29};{"Runtimes": [78.725, 79.871, 81.017, 58.398, 81.767], "Hits": [1.0, 1.0, 1.0, 1.0, 1.0], "Cost": 125751.63};{"Runtimes": [1434.017, 1441.429, 1444.326, 1440.308, 1441.958], "Hits": [1.0, 1.0, 1.0, 1.0, 1.0], "Cost": 1537536.47};{"Runtimes": [4205.926, 4197.514, 4156.013, 4199.05, 4159.33], "Hits": [0.9857905005265974, 1.0, 1.0, 1.0, 1.0], "Cost": 1720444.37};{"Runtimes": [2332.422, 2333.732, 2342.652, 2319.6, 2323.179], "Hits": [1.0, 1.0, 1.0, 1.0, 1.0], "Cost": 1276760.32};{"Runtimes": [4142.139, 4133.064, 4116.778, 4135.917, 4158.434], "Hits": [0.9999969841638443, 1.0, 1.0, 1.0, 1.0], "Cost": 2769607.42};{"Runtimes": [3853.945, 3829.299, 3839.773, 3836.607, 3834.984], "Hits": [0.6426710171526975, 1.0, 1.0, 1.0, 1.0], "Cost": 408376.41};{"Runtimes": [0.023, 0.025, 0.022, 0.025, 0.024], "Hits": [1.0, 1.0, 1.0, 1.0, 1.0], "Cost": 58.6};{"Runtimes": [43444.176, 39749.769, 50472.056, 37579.226, 37547.815], "Hits": [1.0, 1.0, 1.0, 1.0, 1.0], "Cost": 5990676.24};{"Runtimes": [0.254, 0.135, 0.144, 0.132, 0.128], "Hits": [0.3055555555555556, 1.0, 1.0, 1.0, 1.0], "Cost": 192.53};{"Runtimes": [198.15, 195.726, 202.913, 211.585, 202.185], "Hits": [0.8038897893030794, 1.0, 1.0, 1.0, 1.0], "Cost": 42754496.93};{"Runtimes": [null, null, null, null, null], "Hits": [null, null, null, null, null], "Cost": 3778088.71};{"Runtimes": [1648.067, 1648.541, 1645.363, 1642.464, 1648.406], "Hits": [1.0, 1.0, 1.0, 1.0, 1.0], "Cost": 431293.98};[I(C0 n_nationkey,C2 n_regionkey,C1 n_name), I(C11 p_type,C7 p_partkey), I(C12 p_size), I(C13 p_container,C7 p_partkey,C10 p_brand), I(C16 s_suppkey,C19 s_nationkey,C17 s_name), I(C16 s_suppkey), I(C17 s_name), I(C23 ps_partkey,C24 ps_suppkey,C26 ps_supplycost), I(C24 ps_suppkey,C23 ps_partkey,C25 ps_availqty), I(C28 c_custkey), I(C31 c_nationkey,C28 c_custkey), I(C34 c_mktsegment,C28 c_custkey), I(C38 o_orderstatus,C36 o_orderkey), I(C40 o_orderdate,C41 o_orderpriority,C36 o_orderkey), I(C46 l_partkey,C49 l_quantity), I(C7 p_partkey,C12 p_size,C13 p_container), I(C7 p_partkey,C8 p_name)]
2020-01-16 01:45:30;5522bf3;ibm;{"max_index_columns": 3, "budget": 12800, "try_variation_seconds_limit": 1};10;tpch;postgres;3.58;19;337.88;7392436224;{"Runtimes": [6062.618, 6044.554, 6033.87, 6061.787, 6042.717], "Hits": [1.0, 1.0, 1.0, 1.0, 1.0], "Cost": 1437150.84};{"Runtimes": [46.303, 50.407, 50.792, 50.437, 50.784], "Hits": [0.9956908265072402, 1.0, 1.0, 1.0, 1.0], "Cost": 43487.17};{"Runtimes": [0.058, 0.027, 0.03, 0.027, 0.026], "Hits": [0.0, 1.0, 1.0, 1.0, 1.0], "Cost": 116.97};{"Runtimes": [1194.896, 994.454, 995.677, 978.986, 978.686], "Hits": [0.9375420408501577, 1.0, 1.0, 1.0, 1.0], "Cost": 378514.11};{"Runtimes": [360.007, 341.049, 362.298, 360.171, 362.611], "Hits": [1.0, 1.0, 1.0, 1.0, 1.0], "Cost": 1476413.04};{"Runtimes": [1296.194, 1296.736, 1298.845, 1279.874, 1297.637], "Hits": [1.0, 1.0, 1.0, 1.0, 1.0], "Cost": 1261064.84};{"Runtimes": [602.749, 537.965, 539.172, 536.565, 537.35], "Hits": [1.0, 1.0, 1.0, 1.0, 1.0], "Cost": 1568061.74};{"Runtimes": [473.721, 477.51, 478.499, 477.539, 476.97], "Hits": [1.0, 1.0, 1.0, 1.0, 1.0], "Cost": 706713.31};{"Runtimes": [6408.838, 6099.636, 6134.134, 6118.015, 6083.126], "Hits": [0.9882858338734121, 1.0, 1.0, 1.0, 1.0], "Cost": 427804.21};{"Runtimes": [1353.582, 1361.031, 1370.491, 1359.464, 1377.157], "Hits": [1.0, 1.0, 1.0, 1.0, 1.0], "Cost": 1200532.24};{"Runtimes": [78.867, 79.344, 80.132, 78.218, 59.411], "Hits": [1.0, 1.0, 1.0, 1.0, 1.0], "Cost": 124971.54};{"Runtimes": [1436.667, 1419.87, 1440.701, 1441.327, 1440.737], "Hits": [1.0, 1.0, 1.0, 1.0, 1.0], "Cost": 1260511.92};{"Runtimes": [5604.868, 5598.037, 5587.16, 5597.661, 5625.02], "Hits": [0.9997151931312566, 1.0, 1.0, 1.0, 1.0], "Cost": 1506133.76};{"Runtimes": [2315.361, 2334.203, 2324.948, 2328.844, 2332.896], "Hits": [1.0, 1.0, 1.0, 1.0, 1.0], "Cost": 1276604.33};{"Runtimes": [4156.388, 4147.955, 4148.318, 4141.023, 4131.594], "Hits": [0.9999970246950313, 1.0, 1.0, 1.0, 1.0], "Cost": 2759509.49};{"Runtimes": [3873.049, 3826.369, 3815.842, 3842.208, 3813.408], "Hits": [0.6426936759341083, 1.0, 1.0, 1.0, 1.0], "Cost": 407759.49};{"Runtimes": [0.024, 0.021, 0.024, 0.026, 0.026], "Hits": [1.0, 1.0, 1.0, 1.0, 1.0], "Cost": 54.51};{"Runtimes": [26759.983, 26910.314, 26161.204, 26054.623, 26123.949], "Hits": [0.999329567137878, 1.0, 1.0, 1.0, 1.0], "Cost": 3730088.12};{"Runtimes": [0.233, 0.132, 0.133, 0.149, 0.133], "Hits": [0.3055555555555556, 1.0, 1.0, 1.0, 1.0], "Cost": 180.28};{"Runtimes": [194.848, 192.327, 194.152, 213.576, 194.11], "Hits": [0.8038897893030794, 1.0, 1.0, 1.0, 1.0], "Cost": 2790430.58};{"Runtimes": [0.079, 0.026, 0.025, 0.026, 0.026], "Hits": [0.0, 1.0, 1.0, 1.0, 1.0], "Cost": 56.28};{"Runtimes": [575.566, 519.842, 513.385, 527.341, 526.296], "Hits": [0.9318967155617754, 1.0, 1.0, 1.0, 1.0], "Cost": 98022.55};[I(C0 n_nationkey,C2 n_regionkey,C1 n_name), I(C12 p_size), I(C13 p_container,C7 p_partkey,C10 p_brand), I(C16 s_suppkey,C19 s_nationkey,C17 s_name), I(C16 s_suppkey), I(C17 s_name), I(C23 ps_partkey,C24 ps_suppkey,C26 ps_supplycost), I(C24 ps_suppkey,C23 ps_partkey,C25 ps_availqty), I(C28 c_custkey), I(C31 c_nationkey,C28 c_custkey), I(C34 c_mktsegment,C28 c_custkey), I(C36 o_orderkey,C40 o_orderdate,C37 o_custkey), I(C37 o_custkey,C40 o_orderdate,C43 o_shippriority), I(C38 o_orderstatus,C36 o_orderkey), I(C45 l_orderkey), I(C46 l_partkey,C49 l_quantity), I(C47 l_suppkey,C46 l_partkey,C55 l_shipdate), I(C7 p_partkey,C12 p_size,C13 p_container), I(C7 p_partkey,C8 p_name)]
2020-01-16 01:58:11;5522bf3;drop_heuristic;{"max_indexes": 1, "pruning": True, "cost_estimation": "whatif"};10;tpch;postgres;7.64;1;66.56;1349246976;{"Runtimes": [6045.22, 6042.657, 6062.921, 6055.74, 6042.417], "Hits": [1.0, 1.0, 1.0, 1.0, 1.0], "Cost": 1437039.17};{"Runtimes": [786.476, 781.908, 788.555, 793.649, 795.851], "Hits": [1.0, 1.0, 1.0, 1.0, 1.0], "Cost": 2762924.48};{"Runtimes": [476.99, 497.831, 492.47, 508.757, 507.086], "Hits": [1.0, 1.0, 1.0, 1.0, 1.0], "Cost": 1549882.32};{"Runtimes": [3805.168, 3795.074, 3819.647, 3816.588, 3801.321], "Hits": [1.0, 1.0, 1.0, 1.0, 1.0], "Cost": 1541010.22};{"Runtimes": [484.439, 464.475, 486.974, 485.953, 465.274], "Hits": [1.0, 1.0, 1.0, 1.0, 1.0], "Cost": 1557624.34};{"Runtimes": [1294.992, 1296.365, 1293.792, 1295.141, 1294.399], "Hits": [1.0, 1.0, 1.0, 1.0, 1.0], "Cost": 1261080.04};{"Runtimes": [609.327, 566.907, 549.089, 567.15, 565.491], "Hits": [1.0, 1.0, 1.0, 1.0, 1.0], "Cost": 1581096.52};{"Runtimes": [516.203, 517.134, 517.561, 499.213, 497.666], "Hits": [1.0, 1.0, 1.0, 1.0, 1.0], "Cost": 743894.52};{"Runtimes": [22741.34, 22611.884, 22608.487, 22754.905, 22823.251], "Hits": [1.0, 1.0, 1.0, 1.0, 1.0], "Cost": 1774879.75};{"Runtimes": [2298.486, 2281.439, 2283.015, 2290.736, 2300.999], "Hits": [1.0, 1.0, 1.0, 1.0, 1.0], "Cost": 1540271.01};{"Runtimes": [72.812, 71.425, 51.892, 70.575, 71.535], "Hits": [1.0, 1.0, 1.0, 1.0, 1.0], "Cost": 469085.68};{"Runtimes": [2033.523, 2015.247, 2017.8, 2023.128, 2033.48], "Hits": [1.0, 1.0, 1.0, 1.0, 1.0], "Cost": 1555808.22};{"Runtimes": [4262.657, 4245.303, 4222.561, 4252.599, 4219.661], "Hits": [1.0, 1.0, 1.0, 1.0, 1.0], "Cost": 1732293.75};{"Runtimes": [2334.969, 2321.556, 2321.914, 2318.952, 2343.398], "Hits": [1.0, 1.0, 1.0, 1.0, 1.0], "Cost": 1276460.95};{"Runtimes": [4426.173, 4440.147, 4451.721, 4429.96, 4450.469], "Hits": [1.0, 1.0, 1.0, 1.0, 1.0], "Cost": 2782433.4};{"Runtimes": [4207.945, 4185.626, 4189.281, 4199.803, 4198.632], "Hits": [1.0, 1.0, 1.0, 1.0, 1.0], "Cost": 432570.7};{"Runtimes": [124.24, 110.439, 125.097, 112.803, 123.487], "Hits": [1.0, 1.0, 1.0, 1.0, 1.0], "Cost": 53096.99};{"Runtimes": [37648.687, 37492.97, 37582.011, 37670.853, 41058.417], "Hits": [1.0, 1.0, 1.0, 1.0, 1.0], "Cost": 5979452.22};{"Runtimes": [163.139, 160.567, 161.451, 164.695, 160.303], "Hits": [1.0, 1.0, 1.0, 1.0, 1.0], "Cost": 63335.41};{"Runtimes": [197.448, 198.52, 200.359, 199.732, 201.201], "Hits": [1.0, 1.0, 1.0, 1.0, 1.0], "Cost": 972246447.01};{"Runtimes": [21411.462, 21402.814, 21431.799, 21307.874, 21426.294], "Hits": [1.0, 1.0, 1.0, 1.0, 1.0], "Cost": 4049756.33};{"Runtimes": [1643.796, 1644.519, 1640.077, 1659.564, 1638.319], "Hits": [1.0, 1.0, 1.0, 1.0, 1.0], "Cost": 431327.26};[I(C46 l_partkey)]
2020-01-16 02:11:18;5522bf3;drop_heuristic;{"max_indexes": 2, "pruning": True, "cost_estimation": "whatif"};10;tpch;postgres;7.61;2;70.32;1529085952;{"Runtimes": [6043.693, 6069.273, 6064.734, 6062.311, 6062.055], "Hits": [1.0, 1.0, 1.0, 1.0, 1.0], "Cost": 1436916.94};{"Runtimes": [167.911, 168.86, 154.294, 154.58, 154.934], "Hits": [1.0, 1.0, 1.0, 1.0, 1.0], "Cost": 361950.74};{"Runtimes": [501.869, 511.39, 509.799, 510.691, 478.694], "Hits": [1.0, 1.0, 1.0, 1.0, 1.0], "Cost": 1549960.74};{"Runtimes": [3816.169, 3835.977, 3799.237, 3823.869, 3810.515], "Hits": [1.0, 1.0, 1.0, 1.0, 1.0], "Cost": 1541069.92};{"Runtimes": [497.244, 496.932, 498.538, 495.382, 496.669], "Hits": [1.0, 1.0, 1.0, 1.0, 1.0], "Cost": 1557513.59};{"Runtimes": [1281.678, 1282.147, 1278.793, 1299.365, 1298.666], "Hits": [1.0, 1.0, 1.0, 1.0, 1.0], "Cost": 1261079.33};{"Runtimes": [581.751, 583.63, 582.399, 585.646, 564.357], "Hits": [1.0, 1.0, 1.0, 1.0, 1.0], "Cost": 1580986.33};{"Runtimes": [520.252, 520.423, 499.757, 522.079, 503.921], "Hits": [1.0, 1.0, 1.0, 1.0, 1.0], "Cost": 744131.11};{"Runtimes": [23152.024, 23171.468, 24319.379, 23167.081, 23146.593], "Hits": [1.0, 1.0, 1.0, 1.0, 1.0], "Cost": 1774512.75};{"Runtimes": [2303.547, 2302.145, 2304.163, 2301.072, 2287.259], "Hits": [1.0, 1.0, 1.0, 1.0, 1.0], "Cost": 1540291.77};{"Runtimes": [72.15, 52.551, 70.996, 72.242, 52.506], "Hits": [1.0, 1.0, 1.0, 1.0, 1.0], "Cost": 469104.25};{"Runtimes": [2045.27, 2021.216, 2033.362, 2021.049, 2038.138], "Hits": [1.0, 1.0, 1.0, 1.0, 1.0], "Cost": 1555782.35};{"Runtimes": [4252.838, 4255.822, 4254.541, 4254.596, 4275.606], "Hits": [1.0, 1.0, 1.0, 1.0, 1.0], "Cost": 1732277.67};{"Runtimes": [2349.373, 2335.462, 2346.93, 2337.536, 2345.345], "Hits": [1.0, 1.0, 1.0, 1.0, 1.0], "Cost": 1276319.92};{"Runtimes": [4420.746, 4430.131, 4442.896, 4437.712, 4461.799], "Hits": [1.0, 1.0, 1.0, 1.0, 1.0], "Cost": 2780696.14};{"Runtimes": [4182.636, 4199.36, 4203.014, 4166.417, 4171.544], "Hits": [1.0, 1.0, 1.0, 1.0, 1.0], "Cost": 435136.51};{"Runtimes": [124.577, 124.967, 109.763, 113.955, 125.443], "Hits": [1.0, 1.0, 1.0, 1.0, 1.0], "Cost": 53096.81};{"Runtimes": [37368.35, 37368.476, 37562.301, 37409.682, 37481.69], "Hits": [1.0, 1.0, 1.0, 1.0, 1.0], "Cost": 6029569.26};{"Runtimes": [146.936, 159.276, 162.127, 159.535, 161.723], "Hits": [1.0, 1.0, 1.0, 1.0, 1.0], "Cost": 63334.82};{"Runtimes": [210.744, 214.667, 210.795, 209.107, 210.426], "Hits": [1.0, 1.0, 1.0, 1.0, 1.0], "Cost": 46765674.47};{"Runtimes": [21494.993, 21373.018, 21667.978, 23646.114, 21456.48], "Hits": [1.0, 1.0, 1.0, 1.0, 1.0], "Cost": 4049687.48};{"Runtimes": [1670.163, 1652.171, 1654.754, 1641.471, 1626.123], "Hits": [1.0, 1.0, 1.0, 1.0, 1.0], "Cost": 431389.18};[I(C23 ps_partkey), I(C46 l_partkey)]
2020-01-16 02:20:32;5522bf3;drop_heuristic;{"max_indexes": 4, "pruning": True, "cost_estimation": "whatif"};10;tpch;postgres;7.43;4;191.3;4227350528;{"Runtimes": [6049.141, 6061.28, 6061.277, 6061.663, 6042.297], "Hits": [1.0, 1.0, 1.0, 1.0, 1.0], "Cost": 1437035.63};{"Runtimes": [615.598, 607.539, 620.49, 613.938, 607.031], "Hits": [1.0, 1.0, 1.0, 1.0, 1.0], "Cost": 1970913.32};{"Runtimes": [118.57, 133.669, 135.01, 133.761, 135.417], "Hits": [1.0, 1.0, 1.0, 1.0, 1.0], "Cost": 338261.76};{"Runtimes": [985.697, 1001.345, 984.556, 996.926, 997.274], "Hits": [0.9998075523294704, 1.0, 1.0, 1.0, 1.0], "Cost": 381737.61};{"Runtimes": [446.742, 463.624, 463.447, 467.163, 446.996], "Hits": [1.0, 1.0, 1.0, 1.0, 1.0], "Cost": 1502306.15};{"Runtimes": [1295.798, 1298.612, 1296.696, 1280.924, 1297.35], "Hits": [1.0, 1.0, 1.0, 1.0, 1.0], "Cost": 1261071.56};{"Runtimes": [584.496, 581.687, 581.876, 565.023, 564.913], "Hits": [1.0, 1.0, 1.0, 1.0, 1.0], "Cost": 1580959.0};{"Runtimes": [541.451, 516.382, 517.754, 536.953, 533.513], "Hits": [1.0, 1.0, 1.0, 1.0, 1.0], "Cost": 810338.47};{"Runtimes": [8296.416, 8049.297, 8026.251, 8027.256, 8029.32], "Hits": [0.9662596866546813, 1.0, 1.0, 1.0, 1.0], "Cost": 1713869.33};{"Runtimes": [2305.481, 2306.802, 2294.013, 2309.186, 2323.789], "Hits": [1.0, 1.0, 1.0, 1.0, 1.0], "Cost": 1540266.13};{"Runtimes": [80.009, 61.57, 79.433, 60.114, 78.063], "Hits": [1.0, 1.0, 1.0, 1.0, 1.0], "Cost": 122515.01};{"Runtimes": [2035.561, 2020.88, 2036.768, 2020.961, 2028.944], "Hits": [1.0, 1.0, 1.0, 1.0, 1.0], "Cost": 1555792.48};{"Runtimes": [4254.445, 4231.792, 4229.936, 4235.336, 4244.201], "Hits": [1.0, 1.0, 1.0, 1.0, 1.0], "Cost": 1732318.5};{"Runtimes": [2338.428, 2333.121, 2331.796, 2336.031, 2326.182], "Hits": [1.0, 1.0, 1.0, 1.0, 1.0], "Cost": 1277115.13};{"Runtimes": [4443.066, 4455.604, 4427.976, 4458.487, 4455.868], "Hits": [1.0, 1.0, 1.0, 1.0, 1.0], "Cost": 2783312.87};{"Runtimes": [4196.831, 4178.527, 4183.394, 4186.63, 4202.145], "Hits": [1.0, 1.0, 1.0, 1.0, 1.0], "Cost": 434231.8};{"Runtimes": [113.169, 123.585, 109.951, 110.157, 125.852], "Hits": [1.0, 1.0, 1.0, 1.0, 1.0], "Cost": 54986.52};{"Runtimes": [26556.91, 26317.544, 26618.413, 26580.8, 25917.971], "Hits": [0.9767135468959355, 1.0, 1.0, 1.0, 1.0], "Cost": 3726507.03};{"Runtimes": [161.555, 146.99, 145.982, 160.118, 162.826], "Hits": [1.0, 1.0, 1.0, 1.0, 1.0], "Cost": 63364.19};{"Runtimes": [195.558, 201.619, 200.324, 197.279, 197.211], "Hits": [1.0, 1.0, 1.0, 1.0, 1.0], "Cost": 6992178.39};{"Runtimes": [872.789, 882.74, 888.101, 864.534, 876.647], "Hits": [1.0, 1.0, 1.0, 1.0, 1.0], "Cost": 296238.36};{"Runtimes": [1646.415, 1649.122, 1639.983, 1646.969, 1630.333], "Hits": [1.0, 1.0, 1.0, 1.0, 1.0], "Cost": 431430.23};[I(C24 ps_suppkey), I(C45 l_orderkey), I(C46 l_partkey), I(C47 l_suppkey)]
2020-01-16 02:33:42;5522bf3;drop_heuristic;{"max_indexes": 8, "pruning": True, "cost_estimation": "whatif"};10;tpch;postgres;7.31;8;363.96;7988248576;{"Runtimes": [6064.009, 6067.53, 6044.445, 6045.307, 6045.875], "Hits": [1.0, 1.0, 1.0, 1.0, 1.0], "Cost": 1436830.88};{"Runtimes": [151.746, 170.65, 169.808, 172.002, 155.809], "Hits": [1.0, 1.0, 1.0, 1.0, 1.0], "Cost": 345739.62};{"Runtimes": [133.021, 119.688, 120.943, 119.228, 119.617], "Hits": [1.0, 1.0, 1.0, 1.0, 1.0], "Cost": 338262.85};{"Runtimes": [985.456, 999.232, 1001.523, 999.849, 984.832], "Hits": [0.9998310084188533, 1.0, 1.0, 1.0, 1.0], "Cost": 383468.56};{"Runtimes": [444.341, 463.472, 466.326, 444.866, 463.424], "Hits": [1.0, 1.0, 1.0, 1.0, 1.0], "Cost": 1544803.16};{"Runtimes": [1296.611, 1294.834, 1283.623, 1295.469, 1300.354], "Hits": [1.0, 1.0, 1.0, 1.0, 1.0], "Cost": 1261081.38};{"Runtimes": [582.644, 585.486, 582.806, 581.17, 564.551], "Hits": [1.0, 1.0, 1.0, 1.0, 1.0], "Cost": 1580664.22};{"Runtimes": [501.575, 501.583, 524.43, 523.872, 502.742], "Hits": [1.0, 1.0, 1.0, 1.0, 1.0], "Cost": 762601.84};{"Runtimes": [24712.787, 24758.955, 24717.549, 24664.08, 24618.642], "Hits": [0.9955816948940743, 1.0, 1.0, 1.0, 1.0], "Cost": 1480052.44};{"Runtimes": [70.293, 68.232, 47.871, 47.922, 49.456], "Hits": [0.9767441860465116, 1.0, 1.0, 1.0, 1.0], "Cost": 42002.03};{"Runtimes": [80.542, 60.497, 82.398, 79.417, 80.698], "Hits": [1.0, 1.0, 1.0, 1.0, 1.0], "Cost": 123518.51};{"Runtimes": [0.085, 0.039, 0.039, 0.038, 0.04], "Hits": [0.125, 1.0, 1.0, 1.0, 1.0], "Cost": 21.58};{"Runtimes": [4248.258, 4246.331, 4269.516, 4261.209, 4321.608], "Hits": [1.0, 1.0, 1.0, 1.0, 1.0], "Cost": 1713508.18};{"Runtimes": [2348.602, 2346.15, 2344.852, 2331.239, 2345.226], "Hits": [1.0, 1.0, 1.0, 1.0, 1.0], "Cost": 1276366.2};{"Runtimes": [4425.515, 4423.364, 4420.807, 4446.79, 4437.765], "Hits": [1.0, 1.0, 1.0, 1.0, 1.0], "Cost": 2776839.63};{"Runtimes": [4189.761, 4197.102, 4189.768, 4194.738, 4196.619], "Hits": [1.0, 1.0, 1.0, 1.0, 1.0], "Cost": 433998.23};{"Runtimes": [111.339, 109.755, 111.099, 109.668, 124.982], "Hits": [1.0, 1.0, 1.0, 1.0, 1.0], "Cost": 53596.61};{"Runtimes": [26570.017, 26005.108, 26189.848, 27868.33, 25344.588], "Hits": [0.9767135468959355, 1.0, 1.0, 1.0, 1.0], "Cost": 3726576.96};{"Runtimes": [0.065, 0.039, 0.037, 0.045, 0.035], "Hits": [0.25, 1.0, 1.0, 1.0, 1.0], "Cost": 63225.57};{"Runtimes": [194.766, 195.577, 195.459, 197.197, 195.713], "Hits": [1.0, 1.0, 1.0, 1.0, 1.0], "Cost": 7078351.18};{"Runtimes": [880.464, 883.942, 866.454, 883.897, 874.83], "Hits": [1.0, 1.0, 1.0, 1.0, 1.0], "Cost": 296233.63};{"Runtimes": [1637.905, 1642.363, 1623.594, 1641.502, 1639.507], "Hits": [1.0, 1.0, 1.0, 1.0, 1.0], "Cost": 431363.67};[I(C23 ps_partkey), I(C24 ps_suppkey), I(C36 o_orderkey), I(C45 l_orderkey), I(C46 l_partkey), I(C47 l_suppkey), I(C53 l_returnflag), I(C59 l_shipmode)]
2020-01-16 02:46:41;5522bf3;drop_heuristic;{"max_indexes": 16, "pruning": True, "cost_estimation": "whatif"};10;tpch;postgres;6.73;16;465.08;10203881472;{"Runtimes": [6040.524, 6056.558, 6054.337, 6056.529, 6056.301], "Hits": [1.0, 1.0, 1.0, 1.0, 1.0], "Cost": 1437107.91};{"Runtimes": [142.258, 132.399, 144.122, 146.804, 129.735], "Hits": [1.0, 1.0, 1.0, 1.0, 1.0], "Cost": 61190.51};{"Runtimes": [0.053, 0.031, 0.027, 0.027, 0.023], "Hits": [0.0, 1.0, 1.0, 1.0, 1.0], "Cost": 156.93};{"Runtimes": [1186.456, 997.984, 981.082, 996.911, 997.091], "Hits": [0.9374552097463592, 1.0, 1.0, 1.0, 1.0], "Cost": 378934.39};{"Runtimes": [451.846, 451.76, 434.023, 451.251, 452.554], "Hits": [1.0, 1.0, 1.0, 1.0, 1.0], "Cost": 1480242.78};{"Runtimes": [1295.552, 1294.427, 1294.333, 1277.718, 1293.941], "Hits": [1.0, 1.0, 1.0, 1.0, 1.0], "Cost": 1261084.17};{"Runtimes": [564.781, 548.712, 564.87, 546.806, 567.223], "Hits": [1.0, 1.0, 1.0, 1.0, 1.0], "Cost": 1581144.08};{"Runtimes": [521.411, 519.059, 501.498, 497.008, 524.872], "Hits": [1.0, 1.0, 1.0, 1.0, 1.0], "Cost": 728503.18};{"Runtimes": [5122.338, 5017.67, 5029.548, 5033.327, 5016.368], "Hits": [0.9956715089699145, 1.0, 1.0, 1.0, 1.0], "Cost": 1447774.14};{"Runtimes": [0.04, 0.033, 0.027, 0.028, 0.027], "Hits": [0.0, 1.0, 1.0, 1.0, 1.0], "Cost": 23.65};{"Runtimes": [78.862, 61.215, 59.762, 79.617, 78.874], "Hits": [1.0, 1.0, 1.0, 1.0, 1.0], "Cost": 123925.55};{"Runtimes": [0.097, 0.041, 0.035, 0.04, 0.034], "Hits": [0.25, 1.0, 1.0, 1.0, 1.0], "Cost": 21.57};{"Runtimes": [5595.377, 5542.247, 5542.084, 5567.483, 5542.416], "Hits": [0.999777334977442, 1.0, 1.0, 1.0, 1.0], "Cost": 1500730.96};{"Runtimes": [1383.868, 1374.822, 1400.859, 1386.298, 1379.994], "Hits": [0.9954790348511279, 1.0, 1.0, 1.0, 1.0], "Cost": 1217911.59};{"Runtimes": [4126.522, 4142.76, 4120.721, 4130.1, 4146.292], "Hits": [0.9999970005908836, 1.0, 1.0, 1.0, 1.0], "Cost": 2754438.06};{"Runtimes": [4192.715, 4205.027, 4204.566, 4185.57, 4176.505], "Hits": [1.0, 1.0, 1.0, 1.0, 1.0], "Cost": 436905.15};{"Runtimes": [0.063, 0.024, 0.024, 0.023, 0.024], "Hits": [0.0, 1.0, 1.0, 1.0, 1.0], "Cost": 4404.84};{"Runtimes": [29003.078, 27498.977, 27163.004, 28198.829, 26164.429], "Hits": [0.999329567137878, 1.0, 1.0, 1.0, 1.0], "Cost": 3730634.11};{"Runtimes": [0.06, 0.034, 0.037, 0.039, 0.036], "Hits": [0.125, 1.0, 1.0, 1.0, 1.0], "Cost": 21.64};{"Runtimes": [187.403, 186.392, 187.388, 195.109, 189.338], "Hits": [1.0, 1.0, 1.0, 1.0, 1.0], "Cost": 7159632.03};{"Runtimes": [0.057, 0.027, 0.029, 0.031, 0.024], "Hits": [0.0, 1.0, 1.0, 1.0, 1.0], "Cost": 62.6};{"Runtimes": [541.127, 495.875, 510.787, 508.636, 498.778], "Hits": [0.943986084443853, 1.0, 1.0, 1.0, 1.0], "Cost": 97950.5};[I(C10 p_brand), I(C16 s_suppkey), I(C23 ps_partkey), I(C24 ps_suppkey), I(C28 c_custkey), I(C34 c_mktsegment), I(C36 o_orderkey), I(C37 o_custkey), I(C38 o_orderstatus), I(C45 l_orderkey), I(C46 l_partkey), I(C47 l_suppkey), I(C53 l_returnflag), I(C55 l_shipdate), I(C59 l_shipmode), I(C7 p_partkey)]
